First Characters Name,Second Characters Name,Season,Episode
Walter White,Jesse Pinkman,Season 1,Episode 1
Walter White,Skyler White,Season 1,Episode 1
Walter White,Walt JR,Season 1,Episode 1
Skyler White,Walt JR,Season 1,Episode 1
Walter White,Walt JR,Season 1,Episode 1
Walter White,Bogdan,Season 1,Episode 1
Walter White,Skyler White,Season 1,Episode 1
Skyler White,Marie Schrader,Season 1,Episode 1
Hank Schrader,Walt JR,Season 1,Episode 1
Hank Schrader,Steven Gomez,Season 1,Episode 1
Hank Schrader,Walter White,Season 1,Episode 1
Walter White,Skyler White,Season 1,Episode 1
Hank Schrader,Skyler White,Season 1,Episode 1
Hank Schrader,Marie Schrader,Season 1,Episode 1
Marie Schrader,Steven Gomez,Season 1,Episode 1
Walter White,Doctor #1,Season 1,Episode 1
Skyler White,Walter White,Season 1,Episode 1
Walter White,Bogdan,Season 1,Episode 1
Walter White,Hank Schrader,Season 1,Episode 1
Walter White,Steven Gomez,Season 1,Episode 1
Hank Schrader,Steven Gomez,Season 1,Episode 1
Walter White,Jesse Pinkman,Season 1,Episode 1
Walter White,Jesse Pinkman,Season 1,Episode 1
Skyler White,Marie Schrader,Season 1,Episode 1
Walter White,Jesse Pinkman,Season 1,Episode 1
Walter White,Jesse Pinkman,Season 1,Episode 1
Walter White,Walt JR,Season 1,Episode 1
Skyler White,Walt JR,Season 1,Episode 1
Skyler White,Walter White,Season 1,Episode 1
Walter White,Jesse Pinkman,Season 1,Episode 1
Jesse Pinkman,Emilio Koyama,Season 1,Episode 1
Walter White,Emilio Koyama,Season 1,Episode 1
Walter White,Krazy 8,Season 1,Episode 1
Jesse Pinkman,Krazy 8,Season 1,Episode 1
Walter White,Jesse Pinkman,Season 1,Episode 1
Walter White,Skyler White,Season 1,Episode 1
Walter White,Student #1,Season 1,Episode 1
Walter White,Student #1,Season 1,Episode 1
Walter White,Skyler White,Season 1,Episode 2
Walter White,Jesse Pinkman,Season 1,Episode 2
Walter White,Backhoe operator,Season 1,Episode 2
Jesse Pinkman,Backhoe operator,Season 1,Episode 2
Walter White,Jesse Pinkman,Season 1,Episode 2
Walter White,Skyler White,Season 1,Episode 2
Walter White,Walt JR,Season 1,Episode 2
Skyler White,Walt JR,Season 1,Episode 2
Walter White,Jesse Pinkman,Season 1,Episode 2
Walter White,Student #2,Season 1,Episode 2
Walter White,Emilio Koyama,Season 1,Episode 2
Walter White,Jesse Pinkman,Season 1,Episode 2
Walter White,Jesse Pinkman,Season 1,Episode 2
Walter White,Emilio Koyama,Season 1,Episode 2
Walter White,Jesse Pinkman,Season 1,Episode 2
Walter White,Skyler White,Season 1,Episode 2
Jesse Pinkman,Skyler White,Season 1,Episode 2
Walter White,Jesse Pinkman,Season 1,Episode 2
Walter White,Jesse Pinkman,Season 1,Episode 3
Walter White,Gretchen Schwartz,Season 1,Episode 3
Skyler White,Marie Schrader,Season 1,Episode 3
Skyler White,Walt JR,Season 1,Episode 3
Marie Schrader,Walt JR,Season 1,Episode 3
Walter White,Emilio Koyama,Season 1,Episode 3
Walter White,Jesse Pinkman,Season 1,Episode 3
Marie Schrader,Hank Schrader,Season 1,Episode 3
Hank Schrader,Steven Gomez,Season 1,Episode 3
Hank Schrader,Walt JR,Season 1,Episode 3
Hank Schrader,Wendy,Season 1,Episode 3
Walt JR,Wendy,Season 1,Episode 3
Jesse Pinkman,Wendy,Season 1,Episode 3
Walter White,Skyler White,Season 1,Episode 3
Walter White,Emilio Koyama,Season 1,Episode 3
Hank Schrader,Steven Gomez,Season 1,Episode 3
Walter White,Gretchen Schwartz,Season 1,Episode 3
Walter White,Skyler White,Season 1,Episode 3
Hank Schrader,Steven Gomez,Season 1,Episode 4
Walter White,Hank Schrader,Season 1,Episode 4
Skyler White,Hank Schrader,Season 1,Episode 4
Marie Schrader,Hank Schrader,Season 1,Episode 4
Walter White,Marie Schrader,Season 1,Episode 4
Walter White,Skyler White,Season 1,Episode 4
Walt JR,Walter White,Season 1,Episode 4
Walt JR,Skyler White,Season 1,Episode 4
Walt JR,Marie Schrader,Season 1,Episode 4
Walt JR,Hank Schrader,Season 1,Episode 4
Skyler White,Marie Schrader,Season 1,Episode 4
Walter White,Hank Schrader,Season 1,Episode 4
Skyler White,Hank Schrader,Season 1,Episode 4
Marie Schrader,Hank Schrader,Season 1,Episode 4
Walter White,Marie Schrader,Season 1,Episode 4
Walter White,Skyler White,Season 1,Episode 4
Skyler White,Marie Schrader,Season 1,Episode 4
Jesse Pinkman,Combo,Season 1,Episode 4
Jesse Pinkman,Skinny Pete,Season 1,Episode 4
Skinny Pete,Combo,Season 1,Episode 4
Walter White,Skyler White,Season 1,Episode 4
Walter White,Walt JR,Season 1,Episode 4
Walter White,Ken,Season 1,Episode 4
Diane Pinkman,Adam Pinkman,Season 1,Episode 4
Diane Pinkman,Jake Pinkman,Season 1,Episode 4
Adam Pinkman,Jake Pinkman,Season 1,Episode 4
Diane Pinkman,Jesse Pinkman,Season 1,Episode 4
Adam Pinkman,Jesse Pinkman,Season 1,Episode 4
Jesse Pinkman,Jake Pinkman,Season 1,Episode 4
Diane Pinkman,Adam Pinkman,Season 1,Episode 4
Diane Pinkman,Jesse Pinkman,Season 1,Episode 4
Adam Pinkman,Jesse Pinkman,Season 1,Episode 4
Walter White,Walt JR,Season 1,Episode 4
Jesse Pinkman,Jake Pinkman,Season 1,Episode 4
Jesse Pinkman,Diane Pinkman,Season 1,Episode 4
Diane Pinkman,Jake Pinkman,Season 1,Episode 4
Jesse Pinkman,Combo,Season 1,Episode 4
Walter White,Jesse Pinkman,Season 1,Episode 4
Walter White,Dr Delcavoli,Season 1,Episode 4
Skyler White,Dr Delcavoli,Season 1,Episode 4
Walter White,Skyler White,Season 1,Episode 4
Diane Pinkman,Jesse Pinkman,Season 1,Episode 4
Adam Pinkman,Jesse Pinkman,Season 1,Episode 4
Jesse Pinkman,Jake Pinkman,Season 1,Episode 4
Diane Pinkman,Adam Pinkman,Season 1,Episode 4
Walter White,Skyler White,Season 1,Episode 4
Walter White,Walt JR,Season 1,Episode 4
Skyler White,Walt JR,Season 1,Episode 4
Walter White,Ken,Season 1,Episode 4
Jesse Pinkman,Badger,Season 1,Episode 5
Walter White,Skyler White,Season 1,Episode 5
Walter White,Elliott Schwartz,Season 1,Episode 5
Skyler White,Elliott Schwartz,Season 1,Episode 5
Walter White,Gretchen Schwartz,Season 1,Episode 5
Skyler White,Gretchen Schwartz,Season 1,Episode 5
Skyler White,Elliott Schwartz,Season 1,Episode 5
Walter White,Elliott Schwartz,Season 1,Episode 5
Walter White,Elliott Schwartz,Season 1,Episode 5
Walter White,Skyler White,Season 1,Episode 5
Walter White,Skyler White,Season 1,Episode 5
Walter White,Walt JR,Season 1,Episode 5
Skyler White,Walt JR,Season 1,Episode 5
Jesse Pinkman,Badger,Season 1,Episode 5
Hank Schrader,Walt JR,Season 1,Episode 5
Walt JR,Skyler White,Season 1,Episode 5
Skyler White,Hank Schrader,Season 1,Episode 5
Marie Schrader,Hank Schrader,Season 1,Episode 5
Skyler White,Marie Schrader,Season 1,Episode 5
Jesse Pinkman,Badger,Season 1,Episode 5
Jesse Pinkman,Badger,Season 1,Episode 5
Walter White,Hank Schrader,Season 1,Episode 5
Skyler White,Hank Schrader,Season 1,Episode 5
Marie Schrader,Hank Schrader,Season 1,Episode 5
Walter White,Marie Schrader,Season 1,Episode 5
Walter White,Skyler White,Season 1,Episode 5
Walt JR,Walter White,Season 1,Episode 5
Walt JR,Skyler White,Season 1,Episode 5
Walt JR,Marie Schrader,Season 1,Episode 5
Walt JR,Hank Schrader,Season 1,Episode 5
Skyler White,Marie Schrader,Season 1,Episode 5
Walter White,Skyler White,Season 1,Episode 5
Walter White,Walt JR,Season 1,Episode 5
Walter White,Skyler White,Season 1,Episode 5
Walter White,Gretchen Schwartz,Season 1,Episode 5
Walter White,Jesse Pinkman,Season 1,Episode 5
Walter White,Jesse Pinkman,Season 1,Episode 6
Walter White,Skyler White,Season 1,Episode 6
Walter White,Hugo Archilleya,Season 1,Episode 6
Walter White,Skyler White,Season 1,Episode 6
Walter White,Walt JR,Season 1,Episode 6
Skyler White,Walt JR,Season 1,Episode 6
Walter White,Jesse Pinkman,Season 1,Episode 6
Hank Schrader,Steven Gomez,Season 1,Episode 6
Walter White,Jesse Pinkman,Season 1,Episode 6
Walter White,Hugo Archilleya,Season 1,Episode 6
Walter White,Carmen Molina,Season 1,Episode 6
Walter White,Hank Schrader,Season 1,Episode 6
Jesse Pinkman,Skinny Pete,Season 1,Episode 6
Tuco Salamanca,Jesse Pinkman,Season 1,Episode 6
Tuco Salamanca,Skinny Pete,Season 1,Episode 6
Hank Schrader,Hugo Archilleya,Season 1,Episode 6
Walter White,Walt JR,Season 1,Episode 6
Walter White,Hank Schrader,Season 1,Episode 6
Skyler White,Hank Schrader,Season 1,Episode 6
Marie Schrader,Hank Schrader,Season 1,Episode 6
Walter White,Marie Schrader,Season 1,Episode 6
Walter White,Skyler White,Season 1,Episode 6
Walt JR,Walter White,Season 1,Episode 6
Walt JR,Skyler White,Season 1,Episode 6
Walt JR,Marie Schrader,Season 1,Episode 6
Walt JR,Hank Schrader,Season 1,Episode 6
Skyler White,Marie Schrader,Season 1,Episode 6
Walter White,Jesse Pinkman,Season 1,Episode 6
Walter White,Skinny Pete,Season 1,Episode 6
Walter White,Skyler White,Season 1,Episode 6
Walter White,Walt JR,Season 1,Episode 6
Skyler White,Walt JR,Season 1,Episode 6
Walter White,Tuco Salamanca,Season 1,Episode 6
Walter White,Skyler White,Season 1,Episode 7
Walter White,Carmen Molina,Season 1,Episode 7
Walter White,Jesse Pinkman,Season 1,Episode 7
Walter White,Dr Delcavoli,Season 1,Episode 7
Skyler White,Dr Delcavoli,Season 1,Episode 7
Walter White,Skyler White,Season 1,Episode 7
Walter White,Jesse Pinkman,Season 1,Episode 7
Walter White,Tuco Salamanca,Season 1,Episode 7
Jesse Pinkman,Tuco Salamanca,Season 1,Episode 7
Walter White,Jesse Pinkman,Season 1,Episode 7
Walter White,Hank Schrader,Season 1,Episode 7
Skyler White,Hank Schrader,Season 1,Episode 7
Marie Schrader,Hank Schrader,Season 1,Episode 7
Walter White,Marie Schrader,Season 1,Episode 7
Walter White,Skyler White,Season 1,Episode 7
Walt JR,Walter White,Season 1,Episode 7
Walt JR,Skyler White,Season 1,Episode 7
Walt JR,Marie Schrader,Season 1,Episode 7
Walt JR,Hank Schrader,Season 1,Episode 7
Skyler White,Marie Schrader,Season 1,Episode 7
Walter White,Skyler White,Season 1,Episode 7
Walter White,Jesse Pinkman,Season 1,Episode 7
Walter White,Jesse Pinkman,Season 1,Episode 7
Walter White,Jesse Pinkman,Season 1,Episode 7
Skyler White,Marie Schrader,Season 1,Episode 7
Walter White,Skyler White,Season 1,Episode 7
Walter White,Jesse Pinkman,Season 1,Episode 7
Walter White,Tuco Salamanca,Season 1,Episode 7
Jesse Pinkman,Tuco Salamanca,Season 1,Episode 7
Tuco Salamanca,No-Doze,Season 1,Episode 7
Walter White,No-Doze,Season 1,Episode 7
Walter White,Jesse Pinkman,Season 2,Episode 8
Walter White,Tuco Salamanca,Season 2,Episode 8
Jesse Pinkman,Tuco Salamanca,Season 2,Episode 8
Tuco Salamanca,Gonzo,Season 2,Episode 8
Walter White,Skyler White,Season 2,Episode 8
Walter White,Jesse Pinkman,Season 2,Episode 8
Marie Schrader,Hank Schrader,Season 2,Episode 8
Hank Schrader,Steven Gomez,Season 2,Episode 8
Walter White,Skyler White,Season 2,Episode 8
Walter White,Jesse Pinkman,Season 2,Episode 8
Skyler White,Hank Schrader,Season 2,Episode 8
Walter White,Jesse Pinkman,Season 2,Episode 8
Walter White,Hank Schrader,Season 2,Episode 8
Walter White,Skyler White,Season 2,Episode 8
Hank Schrader,Steven Gomez,Season 2,Episode 8
Walter White,Jesse Pinkman,Season 2,Episode 8
Hank Schrader,Steven Gomez,Season 2,Episode 9
Skyler White,Walt JR,Season 2,Episode 9
Skyler White,Hank Schrader,Season 2,Episode 9
Skyler White,Tim Roberts,Season 2,Episode 9
Hank Schrader,Tim Roberts,Season 2,Episode 9
Walt JR,Tim Roberts,Season 2,Episode 9
Walt JR,Hank Schrader,Season 2,Episode 9
Walter White,Jesse Pinkman,Season 2,Episode 9
Walter White,Tuco Salamanca,Season 2,Episode 9
Jesse Pinkman,Tuco Salamanca,Season 2,Episode 9
Skyler White,Marie Schrader,Season 2,Episode 9
Walter White,Jesse Pinkman,Season 2,Episode 9
Walter White,Tuco Salamanca,Season 2,Episode 9
Jesse Pinkman,Tuco Salamanca,Season 2,Episode 9
Walter White,Hector Salamanca,Season 2,Episode 9
Jesse Pinkman,Hector Salamanca,Season 2,Episode 9
Tuco Salamanca,Hector Salamanca,Season 2,Episode 9
Skyler White,Hank Schrader,Season 2,Episode 9
Marie Schrader,Hank Schrader,Season 2,Episode 9
Walt JR,Skyler White,Season 2,Episode 9
Walt JR,Marie Schrader,Season 2,Episode 9
Walt JR,Hank Schrader,Season 2,Episode 9
Skyler White,Marie Schrader,Season 2,Episode 9
Hank Schrader,Diane Pinkman,Season 2,Episode 9
Walter White,Tuco Salamanca,Season 2,Episode 9
Jesse Pinkman,Tuco Salamanca,Season 2,Episode 9
Walter White,Hector Salamanca,Season 2,Episode 9
Jesse Pinkman,Hector Salamanca,Season 2,Episode 9
Tuco Salamanca,Hector Salamanca,Season 2,Episode 9
Hank Schrader,Tuco Salamanca,Season 2,Episode 9
Walter White,Jesse Pinkman,Season 2,Episode 10
Walter White,Skyler White,Season 2,Episode 10
Walter White,Walt JR,Season 2,Episode 10
Skyler White,Walt JR,Season 2,Episode 10
Skyler White,Marie Schrader,Season 2,Episode 10
Hank Schrader,Austin Ramsey,Season 2,Episode 10
Hank Schrader,George Merket,Season 2,Episode 10
Jesse Pinkman,Badger,Season 2,Episode 10
Walter White,Dr Delcavoli,Season 2,Episode 10
Skyler White,Dr Delcavoli,Season 2,Episode 10
Walter White,Skyler White,Season 2,Episode 10
Jesse Pinkman,Wendy,Season 2,Episode 10
Hank Schrader,Jesse Pinkman,Season 2,Episode 10
Jesse Pinkman,Steven Gomez,Season 2,Episode 10
Hank Schrader,Steven Gomez,Season 2,Episode 10
Hank Schrader,Wendy,Season 2,Episode 10
Walter White,Psychiatrist,Season 2,Episode 10
Hank Schrader,Jesse Pinkman,Season 2,Episode 10
Jesse Pinkman,Steven Gomez,Season 2,Episode 10
Hank Schrader,Steven Gomez,Season 2,Episode 10
Jesse Pinkman,Hector Salamanca,Season 2,Episode 10
Hank Schrader,Hector Salamanca,Season 2,Episode 10
Steven Gomez,Hector Salamanca,Season 2,Episode 10
Jesse Pinkman,Wendy,Season 2,Episode 10
Walter White,Jesse Pinkman,Season 2,Episode 10
Hank Schrader,Steven Gomez,Season 2,Episode 10
Walter White,Walt JR,Season 2,Episode 10
Walter White,Hank Schrader,Season 2,Episode 10
Walt JR,Hank Schrader,Season 2,Episode 10
Walter White,Skyler White,Season 2,Episode 10
Walter White,Jesse Pinkman,Season 2,Episode 11
Walter White,Skyler White,Season 2,Episode 11
Walter White,Walt JR,Season 2,Episode 11
Skyler White,Walt JR,Season 2,Episode 11
Jesse Pinkman,Diane Pinkman,Season 2,Episode 11
Jesse Pinkman,Adam Pinkman,Season 2,Episode 11
Walter White,Skyler White,Season 2,Episode 11
Jesse Pinkman,Diane Pinkman,Season 2,Episode 11
Walter White,Walt JR,Season 2,Episode 11
Walter White,Skyler White,Season 2,Episode 11
Walter White,Jesse Pinkman,Season 2,Episode 11
Jesse Pinkman,Paul Tyree,Season 2,Episode 11
Walter White,Walt JR,Season 2,Episode 11
Jesse Pinkman,Clovis,Season 2,Episode 11
Walter White,Skyler White,Season 2,Episode 11
Walter White,Jesse Pinkman,Season 2,Episode 11
Walter White,Dr Delcavoli,Season 2,Episode 12
Walter White,Skyler White,Season 2,Episode 12
Hank Schrader,George Merket,Season 2,Episode 12
Hank Schrader,Steven Gomez,Season 2,Episode 12
Jesse Pinkman,Clovis,Season 2,Episode 12
Jesse Pinkman,Jane Margolis,Season 2,Episode 12
Marie Schrader,Hank Schrader,Season 2,Episode 12
Walter White,Jesse Pinkman,Season 2,Episode 12
Jesse Pinkman,Combo,Season 2,Episode 12
Jesse Pinkman,Badger,Season 2,Episode 12
Jesse Pinkman,Skinny Pete,Season 2,Episode 12
Badger,Skinny Pete,Season 2,Episode 12
Badger,Combo,Season 2,Episode 12
Skinny Pete,Combo,Season 2,Episode 12
Walter White,Hank Schrader,Season 2,Episode 12
Skyler White,Hank Schrader,Season 2,Episode 12
Marie Schrader,Hank Schrader,Season 2,Episode 12
Walter White,Marie Schrader,Season 2,Episode 12
Walter White,Skyler White,Season 2,Episode 12
Walt JR,Walter White,Season 2,Episode 12
Walt JR,Skyler White,Season 2,Episode 12
Walt JR,Marie Schrader,Season 2,Episode 12
Walt JR,Hank Schrader,Season 2,Episode 12
Skyler White,Marie Schrader,Season 2,Episode 12
Walter White,Jesse Pinkman,Season 2,Episode 12
Walter White,Skyler White,Season 2,Episode 12
Hank Schrader,Marie Schrader,Season 2,Episode 12
Walter White,Jesse Pinkman,Season 2,Episode 12
Jesse Pinkman,Skinny Pete,Season 2,Episode 13
Jesse Pinkman,Spooge,Season 2,Episode 13
Jesse Pinkman,Spooge's Wife,Season 2,Episode 13
Jesse Pinkman,Spooge's Son,Season 2,Episode 13
Skyler White,Gretchen Schwartz,Season 2,Episode 13
Walter White,Carmen Molina,Season 2,Episode 13
Walter White,Walt JR,Season 2,Episode 13
Jesse Pinkman,Spooge's Son,Season 2,Episode 13
Spooge,Spooge's Wife,Season 2,Episode 13
Walter White,Skyler White,Season 2,Episode 13
Skyler White,Walt JR,Season 2,Episode 13
Walter White,Gretchen Schwartz,Season 2,Episode 13
Walt JR,Gretchen Schwartz,Season 2,Episode 13
Skyler White,Gretchen Schwartz,Season 2,Episode 13
Jesse Pinkman,Spooge,Season 2,Episode 13
Jesse Pinkman,Spooge's Wife,Season 2,Episode 13
Spooge,Spooge's Wife,Season 2,Episode 13
Spooge's Wife,Spooge's Son,Season 2,Episode 13
Walter White,Gretchen Schwartz,Season 2,Episode 13
Jesse Pinkman,Spooge,Season 2,Episode 13
Jesse Pinkman,Spooge's Wife,Season 2,Episode 13
Spooge,Spooge's Wife,Season 2,Episode 13
Jesse Pinkman,Spooge's Son,Season 2,Episode 13
Walter White,Skyler White,Season 2,Episode 13
Spooge,Spooge's Wife,Season 2,Episode 13
Jesse Pinkman,Spooge's Son,Season 2,Episode 13
Walter White,Student #3,Season 2,Episode 14
Walter White,Jane Margolis,Season 2,Episode 14
Walter White,Jesse Pinkman,Season 2,Episode 14
Hank Schrader,Austin Ramsey,Season 2,Episode 14
Walter White,Badger,Season 2,Episode 14
Walter White,Skinny Pete,Season 2,Episode 14
Walter White,Combo,Season 2,Episode 14
Badger,Skinny Pete,Season 2,Episode 14
Badger,Combo,Season 2,Episode 14
Skinny Pete,Combo,Season 2,Episode 14
Skyler White,Ted Beneke,Season 2,Episode 14
Walter White,Jesse Pinkman,Season 2,Episode 14
Hank Schrader,Vanco,Season 2,Episode 14
Hank Schrader,Tortuga,Season 2,Episode 14
Vanco,Tortuga,Season 2,Episode 14
Skyler White,Marie Schrader,Season 2,Episode 14
Tortuga,Austin Ramsey,Season 2,Episode 14
Walter White,Skyler White,Season 2,Episode 14
Walter White,Walt JR,Season 2,Episode 14
Skyler White,Walt JR,Season 2,Episode 14
Jesse Pinkman,Jane Margolis,Season 2,Episode 14
Hank Schrader,Vanco,Season 2,Episode 14
Jesse Pinkman,Combo,Season 2,Episode 14
Jesse Pinkman,Badger,Season 2,Episode 14
Jesse Pinkman,Skinny Pete,Season 2,Episode 14
Badger,Skinny Pete,Season 2,Episode 14
Badger,Combo,Season 2,Episode 14
Skinny Pete,Combo,Season 2,Episode 14
Walter White,Jesse Pinkman,Season 2,Episode 14
Skyler White,Ted Beneke,Season 2,Episode 14
Jesse Pinkman,Jane Margolis,Season 2,Episode 14
Badger,Getz,Season 2,Episode 15
Jesse Pinkman,Jane Margolis,Season 2,Episode 15
Walter White,Skyler White,Season 2,Episode 15
Walter White,Marie Schrader,Season 2,Episode 15
Walter White,Hank Schrader,Season 2,Episode 15
Walter White,Jesse Pinkman,Season 2,Episode 15
Hank Schrader,Steven Gomez,Season 2,Episode 15
Badger,Getz,Season 2,Episode 15
Badger,Saul Goodman,Season 2,Episode 15
Saul Goodman,Getz,Season 2,Episode 15
Saul Goodman,Hank Schrader,Season 2,Episode 15
Saul Goodman,Steven Gomez,Season 2,Episode 15
Walter White,Jesse Pinkman,Season 2,Episode 15
Walter White,Saul Goodman,Season 2,Episode 15
Walter White,Jesse Pinkman,Season 2,Episode 15
Walter White,Saul Goodman,Season 2,Episode 15
Jesse Pinkman,Saul Goodman,Season 2,Episode 15
Hank Schrader,Badger,Season 2,Episode 15
Hank Schrader,Saul Goodman,Season 2,Episode 15
Badger,Saul Goodman,Season 2,Episode 15
Walter White,Jesse Pinkman,Season 2,Episode 15
Walter White,Saul Goodman,Season 2,Episode 15
Jesse Pinkman,Saul Goodman,Season 2,Episode 15
Hank Schrader,Steven Gomez,Season 2,Episode 15
Hank Schrader,Getz,Season 2,Episode 15
Steven Gomez,Getz,Season 2,Episode 15
Walter White,Jesse Pinkman,Season 2,Episode 15
Walter White,Hank Schrader,Season 2,Episode 15
Jesse Pinkman,Badger,Season 2,Episode 15
Jesse Pinkman,Jane Margolis,Season 2,Episode 15
Walter White,Saul Goodman,Season 2,Episode 15
Walter White,Hank Schrader,Season 2,Episode 16
Skyler White,Hank Schrader,Season 2,Episode 16
Marie Schrader,Hank Schrader,Season 2,Episode 16
Walter White,Marie Schrader,Season 2,Episode 16
Walter White,Skyler White,Season 2,Episode 16
Skyler White,Marie Schrader,Season 2,Episode 16
Saul Goodman,Walter White,Season 2,Episode 16
Walter White,Skyler White,Season 2,Episode 16
Jesse Pinkman,Jane Margolis,Season 2,Episode 16
Jesse Pinkman,Walter White,Season 2,Episode 16
Walter White,Skyler White,Season 2,Episode 16
Walter White,Jesse Pinkman,Season 2,Episode 16
Walter White,Jesse Pinkman,Season 2,Episode 16
Walter White,Jesse Pinkman,Season 2,Episode 16
Walter White,Jesse Pinkman,Season 2,Episode 16
Walter White,Hank Schrader,Season 2,Episode 16
Skyler White,Hank Schrader,Season 2,Episode 16
Marie Schrader,Hank Schrader,Season 2,Episode 16
Walter White,Marie Schrader,Season 2,Episode 16
Walter White,Skyler White,Season 2,Episode 16
Skyler White,Marie Schrader,Season 2,Episode 16
Walt JR,Walter White,Season 2,Episode 16
Walt JR,Skyler White,Season 2,Episode 16
Walt JR,Marie Schrader,Season 2,Episode 16
Walt JR,Hank Schrader,Season 2,Episode 16
Walter White,Dr Delcavoli,Season 2,Episode 16
Skyler White,Dr Delcavoli,Season 2,Episode 16
Marie Schrader,Dr Delcavoli,Season 2,Episode 16
Walt JR,Dr Delcavoli,Season 2,Episode 16
Hank Schrader,Dr Delcavoli,Season 2,Episode 16
Walter White,Skyler White,Season 2,Episode 17
Walter White,Walt JR,Season 2,Episode 17
Skyler White,Walt JR,Season 2,Episode 17
Walter White,Jesse Pinkman,Season 2,Episode 17
Walter White,Hank Schrader,Season 2,Episode 17
Skyler White,Hank Schrader,Season 2,Episode 17
Marie Schrader,Hank Schrader,Season 2,Episode 17
Walter White,Marie Schrader,Season 2,Episode 17
Walter White,Skyler White,Season 2,Episode 17
Skyler White,Marie Schrader,Season 2,Episode 17
Walt JR,Walter White,Season 2,Episode 17
Walt JR,Skyler White,Season 2,Episode 17
Walt JR,Hank Schrader,Season 2,Episode 17
Jesse Pinkman,Jane Margolis,Season 2,Episode 17
Skyler White,Ted Beneke,Season 2,Episode 17
Jesse Pinkman,Jane Margolis,Season 2,Episode 17
Jesse Pinkman,Donald Margolis,Season 2,Episode 17
Jane Margolis,Donald Margolis,Season 2,Episode 17
Walter White,Walt JR,Season 2,Episode 17
Jesse Pinkman,Jane Margolis,Season 2,Episode 17
Walter White,Walt JR,Season 2,Episode 17
Skyler White,Ted Beneke,Season 2,Episode 17
Walter White,Skyler White,Season 2,Episode 17
Walter White,Walt JR,Season 2,Episode 17
Skyler White,Walt JR,Season 2,Episode 17
Walter White,Tweaky Dude,Season 2,Episode 17
Combo,Rival Dealers,Season 2,Episode 18
Combo,Tomas Cantillo,Season 2,Episode 18
Walter White,Skyler White,Season 2,Episode 18
Walter White,Dr Delcavoli,Season 2,Episode 18
Skyler White,Dr Delcavoli,Season 2,Episode 18
Walter White,Jesse Pinkman,Season 2,Episode 18
Jesse Pinkman,Skinny Pete,Season 2,Episode 18
Walter White,Jesse Pinkman,Season 2,Episode 18
Walter White,Saul Goodman,Season 2,Episode 18
Jesse Pinkman,Saul Goodman,Season 2,Episode 18
Jesse Pinkman,Jane Margolis,Season 2,Episode 18
Walter White,Jesse Pinkman,Season 2,Episode 18
Walter White,Skyler White,Season 2,Episode 18
Jesse Pinkman,Jane Margolis,Season 2,Episode 18
Skyler White,Ted Beneke,Season 2,Episode 18
Walter White,Saul Goodman,Season 2,Episode 18
Gustavo Fring,Walter White,Season 2,Episode 18
Skyler White,Ted Beneke,Season 2,Episode 18
Jesse Pinkman,Jane Margolis,Season 2,Episode 18
Walter White,Victor,Season 2,Episode 18
Walter White,Jesse Pinkman,Season 2,Episode 18
Skyler White,Ted Beneke,Season 2,Episode 19
Walter White,Ted Beneke,Season 2,Episode 19
Skyler White,Holly White,Season 2,Episode 19
Walter White,Holly White,Season 2,Episode 19
Jesse Pinkman,Jane Margolis,Season 2,Episode 19
Jane Margolis,Donald Margolis,Season 2,Episode 19
Walter White,Jesse Pinkman,Season 2,Episode 19
Walter White,Hank Schrader,Season 2,Episode 19
Skyler White,Hank Schrader,Season 2,Episode 19
Marie Schrader,Hank Schrader,Season 2,Episode 19
Walter White,Marie Schrader,Season 2,Episode 19
Walter White,Skyler White,Season 2,Episode 19
Skyler White,Marie Schrader,Season 2,Episode 19
Walt JR,Walter White,Season 2,Episode 19
Walt JR,Skyler White,Season 2,Episode 19
Walt JR,Marie Schrader,Season 2,Episode 19
Walt JR,Hank Schrader,Season 2,Episode 19
Skyler White,Holly White,Season 2,Episode 19
Walter White,Holly White,Season 2,Episode 19
Walter White,Jesse Pinkman,Season 2,Episode 19
Walter White,Marie Schrader,Season 2,Episode 19
Walter White,Holly White,Season 2,Episode 19
Marie Schrader,Holly White,Season 2,Episode 19
Walter White,Walt JR,Season 2,Episode 19
Walt JR,Marie Schrader,Season 2,Episode 19
Walter White,Saul Goodman,Season 2,Episode 19
Jesse Pinkman,Jane Margolis,Season 2,Episode 19
Jesse Pinkman,Jane Margolis,Season 2,Episode 19
Jane Margolis,Donald Margolis,Season 2,Episode 19
Jesse Pinkman,Donald Margolis,Season 2,Episode 19
Skyler White,Holly White,Season 2,Episode 19
Walter White,Holly White,Season 2,Episode 19
Walter White,Jane Margolis,Season 2,Episode 19
Jesse Pinkman,Jane Margolis,Season 2,Episode 19
Walter White,Jane Margolis,Season 2,Episode 19
Walter White,Jesse Pinkman,Season 2,Episode 19
Walter White,Donald Margolis,Season 2,Episode 19
Walter White,Jane Margolis,Season 2,Episode 19
Walter White,Jesse Pinkman,Season 2,Episode 19
Jesse Pinkman,Jane Margolis,Season 2,Episode 20
Walter White,Holly White,Season 2,Episode 20
Jesse Pinkman,Mike Ehrmantraut,Season 2,Episode 20
Walter White,Jesse Pinkman,Season 2,Episode 20
Walter White,Skyler White,Season 2,Episode 20
Walter White,Walt JR,Season 2,Episode 20
Skyler White,Walt JR,Season 2,Episode 20
Jesse Pinkman,Donald Margolis,Season 2,Episode 20
Hank Schrader,Steven Gomez,Season 2,Episode 20
Mike Ehrmantraut,Walter White,Season 2,Episode 20
Walter White,Jesse Pinkman,Season 2,Episode 20
Walter White,Skyler White,Season 2,Episode 20
Walter White,Walt JR,Season 2,Episode 20
Skyler White,Walt JR,Season 2,Episode 20
Walter White,Holly White,Season 2,Episode 20
Hank Schrader,George Merket,Season 2,Episode 20
Hank Schrader,Gustavo Fring,Season 2,Episode 20
Walter White,Jesse Pinkman,Season 2,Episode 20
Walter White,Jesse Pinkman,Season 2,Episode 20
Walter White,Saul Goodman,Season 2,Episode 20
Jesse Pinkman,Saul Goodman,Season 2,Episode 20
Walter White,Marie Schrader,Season 2,Episode 20
Walter White,Jesse Pinkman,Season 2,Episode 20
Walter White,Saul Goodman,Season 2,Episode 20
Jesse Pinkman,Saul Goodman,Season 2,Episode 20
Walter White,Skyler White,Season 2,Episode 20
Walter White,Dr Delcavoli,Season 2,Episode 20
Skyler White,Dr Delcavoli,Season 2,Episode 20
Walter White,Skyler White,Season 2,Episode 20
Skyler White,Holly White,Season 2,Episode 20
Walter White,Holly White,Season 2,Episode 20
Marco Salamanca,Leonel Salamanca,Season 3,Episode 21
Skyler White,Pamela Orbic,Season 3,Episode 21
Walter White,Hank Schrader,Season 3,Episode 21
Jesse Pinkman,Group Leader,Season 3,Episode 21
Skyler White,Walt JR,Season 3,Episode 21
Skyler White,Holly White,Season 3,Episode 21
Walt JR,Holly White,Season 3,Episode 21
Walter White,Carmen Molina,Season 3,Episode 21
Marco Salamanca,Leonel Salamanca,Season 3,Episode 21
Walter White,Walt JR,Season 3,Episode 21
Skyler White,Walt JR,Season 3,Episode 21
Walt JR,Marie Schrader,Season 3,Episode 21
Skyler White,Marie Schrader,Season 3,Episode 21
Jesse Pinkman,Group Leader,Season 3,Episode 21
Walter White,Skyler White,Season 3,Episode 21
Walter White,Jesse Pinkman,Season 3,Episode 21
Gustavo Fring,Walter White,Season 3,Episode 21
Marco Salamanca,Leonel Salamanca,Season 3,Episode 21
Walter White,Policeman #1,Season 3,Episode 22
Hank Schrader,Steven Gomez,Season 3,Episode 22
Jesse Pinkman,Adam Pinkman,Season 3,Episode 22
Walter White,Hank Schrader,Season 3,Episode 22
Walter White,Saul Goodman,Season 3,Episode 22
Mike Ehrmantraut,Kailey Erhmantraut,Season 3,Episode 22
Skyler White,Hank Schrader,Season 3,Episode 22
Marie Schrader,Hank Schrader,Season 3,Episode 22
Skyler White,Marie Schrader,Season 3,Episode 22
Walt JR,Skyler White,Season 3,Episode 22
Walt JR,Marie Schrader,Season 3,Episode 22
Walt JR,Hank Schrader,Season 3,Episode 22
Marie Schrader,Hank Schrader,Season 3,Episode 22
Jesse Pinkman,Saul Goodman,Season 3,Episode 22
Marco Salamanca,Leonel Salamanca,Season 3,Episode 22
Hector Salamanca,Marco Salamanca,Season 3,Episode 22
Hector Salamanca,Leonel Salamanca,Season 3,Episode 22
Skyler White,Ted Beneke,Season 3,Episode 22
Skyler White,Holly White,Season 3,Episode 22
Ted Beneke,Holly White,Season 3,Episode 22
Walter White,Walt JR,Season 3,Episode 22
Saul Goodman,Adam Pinkman,Season 3,Episode 22
Saul Goodman,Diane Pinkman,Season 3,Episode 22
Walter White,Skyler White,Season 3,Episode 22
Walter White,Walt JR,Season 3,Episode 22
Jesse Pinkman,Adam Pinkman,Season 3,Episode 22
Jesse Pinkman,Diane Pinkman,Season 3,Episode 22
Adam Pinkman,Diane Pinkman,Season 3,Episode 22
Adam Pinkman,Diane Pinkman,Season 3,Episode 22
Gustavo Fring,Victor,Season 3,Episode 22
Marco Salamanca,Leonel Salamanca,Season 3,Episode 22
Juan Bolsa,Tortuga,Season 3,Episode 23
Skyler White,Holly White,Season 3,Episode 23
Walter White,Skyler White,Season 3,Episode 23
Walter White,Walt JR,Season 3,Episode 23
Skyler White,Walt JR,Season 3,Episode 23
Skyler White,Policeman #2,Season 3,Episode 23
Walter White,Holly White,Season 3,Episode 23
Jesse Pinkman,Saul Goodman,Season 3,Episode 23
Hank Schrader,Steven Gomez,Season 3,Episode 23
Marco Salamanca,Leonel Salamanca,Season 3,Episode 23
Hector Salamanca,Marco Salamanca,Season 3,Episode 23
Hector Salamanca,Leonel Salamanca,Season 3,Episode 23
Juan Bolsa,Hector Salamanca,Season 3,Episode 23
Juan Bolsa,Marco Salamanca,Season 3,Episode 23
Juan Bolsa,Leonel Salamanca,Season 3,Episode 23
Gustavo Fring,Marco Salamanca,Season 3,Episode 23
Gustavo Fring,Leonel Salamanca,Season 3,Episode 23
Gustavo Fring,Hector Salamanca,Season 3,Episode 23
Gustavo Fring,Juan Bolsa,Season 3,Episode 23
Walter White,Holly White,Season 3,Episode 23
Skyler White,Pamela Orbic,Season 3,Episode 23
Hank Schrader,Steven Gomez,Season 3,Episode 23
Hank Schrader,Steven Gomez,Season 3,Episode 23
Walter White,Skyler White,Season 3,Episode 23
Skyler White,Ted Beneke,Season 3,Episode 23
Walter White,Skyler White,Season 3,Episode 23
Louis Corbett,Walt JR,Season 3,Episode 23
Skyler White,Walt JR,Season 3,Episode 23
Louis Corbett,Walt JR,Season 3,Episode 23
Louis Corbett,Walter White,Season 3,Episode 23
Louis Corbett,Skyler White,Season 3,Episode 23
Jesse Pinkman,Cara,Season 3,Episode 24
Saul Goodman,Mike Ehrmantraut,Season 3,Episode 24
Walter White,Ted Beneke,Season 3,Episode 24
Walter White,Mike Ehrmantraut,Season 3,Episode 24
Walter White,Saul Goodman,Season 3,Episode 24
Walter White,Mike Ehrmantraut,Season 3,Episode 24
Walter White,Carmen Molina,Season 3,Episode 24
Marie Schrader,Hank Schrader,Season 3,Episode 24
Walter White,Jesse Pinkman,Season 3,Episode 24
Skyler White,Ted Beneke,Season 3,Episode 24
Hank Schrader,Steven Gomez,Season 3,Episode 24
Jesse Pinkman,Saul Goodman,Season 3,Episode 24
Gustavo Fring,Mike Ehrmantraut,Season 3,Episode 24
Hank Schrader,Cara,Season 3,Episode 24
Walter White,Skyler White,Season 3,Episode 24
Walter White,Walt JR,Season 3,Episode 24
Skyler White,Walt JR,Season 3,Episode 24
Victor,Jesse Pinkman,Season 3,Episode 24
Hank Schrader,George Merket,Season 3,Episode 24
Walter White,Victor,Season 3,Episode 24
Walter White,Jesse Pinkman,Season 3,Episode 25
Combo,Jesse Pinkman,Season 3,Episode 25
Skinny Pete,Jesse Pinkman,Season 3,Episode 25
Combo,Jesse Pinkman,Season 3,Episode 25
Skyler White,Ted Beneke,Season 3,Episode 25
Skyler White,Walt JR,Season 3,Episode 25
Walter White,Jesse Pinkman,Season 3,Episode 25
Jesse Pinkman,Saul Goodman,Season 3,Episode 25
Hank Schrader,Steven Gomez,Season 3,Episode 25
Hank Schrader,Steven Gomez,Season 3,Episode 25
Marie Schrader,Hank Schrader,Season 3,Episode 25
Gustavo Fring,Walter White,Season 3,Episode 25
Skyler White,Ted Beneke,Season 3,Episode 25
Skyler White,Marie Schrader,Season 3,Episode 25
Holly White,Marie Schrader,Season 3,Episode 25
Gustavo Fring,Walter White,Season 3,Episode 25
Walter White,Skyler White,Season 3,Episode 25
Walter White,Walt JR,Season 3,Episode 25
Skyler White,Walt JR,Season 3,Episode 25
Walter White,Holly White,Season 3,Episode 25
Hank Schrader,Steven Gomez,Season 3,Episode 25
Skyler White,Pamela Orbic,Season 3,Episode 25
Walter White,Jesse Pinkman,Season 3,Episode 25
Walter White,Saul Goodman,Season 3,Episode 25
Jesse Pinkman,Saul Goodman,Season 3,Episode 25
Hank Schrader,Combo's Mother,Season 3,Episode 25
Combo,Combo's Mother,Season 3,Episode 25
Marco Salamanca,Leonel Salamanca,Season 3,Episode 26
Policeman #3,Marco Salamanca,Season 3,Episode 26
Policeman #3,Leonel Salamanca,Season 3,Episode 26
Walter White,Skyler White,Season 3,Episode 26
Marco Salamanca,Leonel Salamanca,Season 3,Episode 26
Gustavo Fring,Marco Salamanca,Season 3,Episode 26
Gustavo Fring,Leonel Salamanca,Season 3,Episode 26
Jesse Pinkman,Badger,Season 3,Episode 26
Jesse Pinkman,Skinny Pete,Season 3,Episode 26
Badger,Skinny Pete,Season 3,Episode 26
Walter White,Walt JR,Season 3,Episode 26
Walter White,Gale Boetticher,Season 3,Episode 26
Marie Schrader,Hank Schrader,Season 3,Episode 26
Walter White,Hank Schrader,Season 3,Episode 26
Walter White,Saul Goodman,Season 3,Episode 26
Walter White,Badger,Season 3,Episode 26
Walter White,Clovis,Season 3,Episode 26
Badger,Clovis,Season 3,Episode 26
Badger,Jesse Pinkman,Season 3,Episode 26
Marco Salamanca,Leonel Salamanca,Season 3,Episode 26
Gustavo Fring,Marco Salamanca,Season 3,Episode 26
Gustavo Fring,Leonel Salamanca,Season 3,Episode 26
Walter White,Old Joe,Season 3,Episode 26
Walter White,Jesse Pinkman,Season 3,Episode 26
Jesse Pinkman,Hank Schrader,Season 3,Episode 26
Hank Schrader,Old Joe,Season 3,Episode 26
Saul Goodman,Francesca,Season 3,Episode 26
Walter White,Jesse Pinkman,Season 3,Episode 26
Marco Salamanca,Leonel Salamanca,Season 3,Episode 26
Gustavo Fring,Marco Salamanca,Season 3,Episode 26
Gustavo Fring,Leonel Salamanca,Season 3,Episode 26
Marco Salamanca,Leonel Salamanca,Season 3,Episode 27
Hector Salamanca,Marco Salamanca,Season 3,Episode 27
Hector Salamanca,Leonel Salamanca,Season 3,Episode 27
Jesse Pinkman,Hank Schrader,Season 3,Episode 27
Hank Schrader,George Merket,Season 3,Episode 27
Walter White,Jesse Pinkman,Season 3,Episode 27
Walter White,Saul Goodman,Season 3,Episode 27
Jesse Pinkman,Saul Goodman,Season 3,Episode 27
Hank Schrader,George Merket,Season 3,Episode 27
Marie Schrader,Hank Schrader,Season 3,Episode 27
Walter White,Skyler White,Season 3,Episode 27
Walter White,Gale Boetticher,Season 3,Episode 27
Marco Salamanca,Leonel Salamanca,Season 3,Episode 27
Arms Dealer,Marco Salamanca,Season 3,Episode 27
Arms Dealer,Leonel Salamanca,Season 3,Episode 27
Walter White,Gale Boetticher,Season 3,Episode 27
Marie Schrader,Hank Schrader,Season 3,Episode 27
Walter White,Jesse Pinkman,Season 3,Episode 27
Hank Schrader,George Merket,Season 3,Episode 27
Marco Salamanca,Leonel Salamanca,Season 3,Episode 27
Hank Schrader,Marco Salamanca,Season 3,Episode 27
Hank Schrader,Leonel Salamanca,Season 3,Episode 27
Jesse Pinkman,Skinny Pete,Season 3,Episode 28
Walter White,Gale Boetticher,Season 3,Episode 28
Walter White,Jesse Pinkman,Season 3,Episode 28
Walter White,Steven Gomez,Season 3,Episode 28
Walter White,Marie Schrader,Season 3,Episode 28
Walter White,Skyler White,Season 3,Episode 28
Walter White,Walt JR,Season 3,Episode 28
Skyler White,Walt JR,Season 3,Episode 28
Skyler White,Marie Schrader,Season 3,Episode 28
Walt JR,Marie Schrader,Season 3,Episode 28
Walter White,George Merket,Season 3,Episode 28
Steven Gomez,George Merket,Season 3,Episode 28
Marie Schrader,George Merket,Season 3,Episode 28
Steven Gomez,Walter White,Season 3,Episode 28
Steven Gomez,Marie Schrader,Season 3,Episode 28
Walter White,Jesse Pinkman,Season 3,Episode 28
Walter White,Marie Schrader,Season 3,Episode 28
Walter White,Skyler White,Season 3,Episode 28
Walter White,Walt JR,Season 3,Episode 28
Skyler White,Walt JR,Season 3,Episode 28
Skyler White,Marie Schrader,Season 3,Episode 28
Walt JR,Marie Schrader,Season 3,Episode 28
Juan Bolsa,Gustavo Fring,Season 3,Episode 28
Walter White,Steven Gomez,Season 3,Episode 28
Walter White,Leonel Salamanca,Season 3,Episode 28
Jesse Pinkman,Victor,Season 3,Episode 28
Walter White,Jesse Pinkman,Season 3,Episode 28
Walter White,Marie Schrader,Season 3,Episode 28
Walter White,Skyler White,Season 3,Episode 28
Walter White,Walt JR,Season 3,Episode 28
Skyler White,Walt JR,Season 3,Episode 28
Skyler White,Marie Schrader,Season 3,Episode 28
Walt JR,Marie Schrader,Season 3,Episode 28
Walter White,Gustavo Fring,Season 3,Episode 28
Walter White,Steven Gomez,Season 3,Episode 28
Walter White,Gustavo Fring,Season 3,Episode 28
Juan Bolsa,Gustavo Fring,Season 3,Episode 28
Walter White,Marie Schrader,Season 3,Episode 28
Walter White,Skyler White,Season 3,Episode 28
Walter White,Walt JR,Season 3,Episode 28
Skyler White,Walt JR,Season 3,Episode 28
Skyler White,Marie Schrader,Season 3,Episode 28
Walt JR,Marie Schrader,Season 3,Episode 28
Walter White,Jesse Pinkman,Season 3,Episode 29
Steven Gomez,Hank Schrader,Season 3,Episode 29
Skyler White,Hank Schrader,Season 3,Episode 29
Marie Schrader,Hank Schrader,Season 3,Episode 29
Steven Gomez,Marie Schrader,Season 3,Episode 29
Steven Gomez,Skyler White,Season 3,Episode 29
Skyler White,Marie Schrader,Season 3,Episode 29
Walt JR,Steven Gomez,Season 3,Episode 29
Walt JR,Skyler White,Season 3,Episode 29
Walt JR,Marie Schrader,Season 3,Episode 29
Walt JR,Hank Schrader,Season 3,Episode 29
Walter White,Hank Schrader,Season 3,Episode 29
Walter White,Marie Schrader,Season 3,Episode 29
Walter White,Skyler White,Season 3,Episode 29
Walt JR,Walter White,Season 3,Episode 29
Steven Gomez,Walter White,Season 3,Episode 29
Walter White,Skyler White,Season 3,Episode 29
Jesse Pinkman,Group Leader,Season 3,Episode 29
Marie Schrader,Hank Schrader,Season 3,Episode 29
Skyler White,Hank Schrader,Season 3,Episode 29
Skyler White,Marie Schrader,Season 3,Episode 29
Skyler White,Doctor #1,Season 3,Episode 29
Marie Schrader,Doctor #1,Season 3,Episode 29
Hank Schrader,Doctor #1,Season 3,Episode 29
Jesse Pinkman,Saul Goodman,Season 3,Episode 29
Walter White,Gustavo Fring,Season 3,Episode 29
Jesse Pinkman,Group Leader,Season 3,Episode 29
Skyler White,Marie Schrader,Season 3,Episode 29
Skyler White,Ted Beneke,Season 3,Episode 29
Marie Schrader,Ted Beneke,Season 3,Episode 29
Jesse Pinkman,Badger,Season 3,Episode 29
Jesse Pinkman,Skinny Pete,Season 3,Episode 29
Badger,Skinny Pete,Season 3,Episode 29
Walter White,Jesse Pinkman,Season 3,Episode 29
Group Leader,Badger,Season 3,Episode 29
Group Leader,Skinny Pete,Season 3,Episode 29
Badger,Skinny Pete,Season 3,Episode 29
Walter White,Skyler White,Season 3,Episode 29
Walter White,Marie Schrader,Season 3,Episode 29
Skyler White,Marie Schrader,Season 3,Episode 29
Walter White,Jesse Pinkman,Season 3,Episode 30
The Fly,Jesse Pinkman,Season 3,Episode 30
Walter White,The Fly,Season 3,Episode 30
Jesse Pinkman,Jane Margolis,Season 3,Episode 31
Skyler White,Hank Schrader,Season 3,Episode 31
Marie Schrader,Hank Schrader,Season 3,Episode 31
Skyler White,Marie Schrader,Season 3,Episode 31
Walt JR,Skyler White,Season 3,Episode 31
Walt JR,Marie Schrader,Season 3,Episode 31
Walt JR,Hank Schrader,Season 3,Episode 31
Walter White,Jesse Pinkman,Season 3,Episode 31
Jesse Pinkman,Andrea Cantillo,Season 3,Episode 31
Jesse Pinkman,Group Leader,Season 3,Episode 31
Andrea Cantillo,Group Leader,Season 3,Episode 31
Jesse Pinkman,Badger,Season 3,Episode 31
Jesse Pinkman,Skinny Pete,Season 3,Episode 31
Badger,Skinny Pete,Season 3,Episode 31
Walter White,Skyler White,Season 3,Episode 31
Walter White,Walt JR,Season 3,Episode 31
Skyler White,Walt JR,Season 3,Episode 31
Walter White,Holly White,Season 3,Episode 31
Walter White,Skyler White,Season 3,Episode 31
Walter White,Saul Goodman,Season 3,Episode 31
Skyler White,Saul Goodman,Season 3,Episode 31
Jesse Pinkman,Andrea Cantillo,Season 3,Episode 31
Brock Cantillo,Andrea Cantillo,Season 3,Episode 31
Andrea Cantillo,Mrs Cantillo,Season 3,Episode 31
Jesse Pinkman,Brock Cantillo,Season 3,Episode 31
Walter White,Skyler White,Season 3,Episode 31
Jesse Pinkman,Badger,Season 3,Episode 31
Jesse Pinkman,Skinny Pete,Season 3,Episode 31
Badger,Skinny Pete,Season 3,Episode 31
Jesse Pinkman,Andrea Cantillo,Season 3,Episode 31
Brock Cantillo,Andrea Cantillo,Season 3,Episode 31
Jesse Pinkman,Brock Cantillo,Season 3,Episode 31
Walter White,Saul Goodman,Season 3,Episode 31
Jesse Pinkman,Andrea Cantillo,Season 3,Episode 31
Marie Schrader,Hank Schrader,Season 3,Episode 31
Walter White,Skyler White,Season 3,Episode 31
Walter White,Jesse Pinkman,Season 3,Episode 31
Gustavo Fring,Walter White,Season 3,Episode 31
Jesse Pinkman,Rival Dealers,Season 3,Episode 31
Jesse Pinkman,Tomas Cantillo,Season 3,Episode 31
Wendy,Rival Dealers,Season 3,Episode 32
Wendy,Tomas Cantillo,Season 3,Episode 32
Walter White,Walt JR,Season 3,Episode 32
Skyler White,Holly White,Season 3,Episode 32
Walter White,Skyler White,Season 3,Episode 32
Walter White,Jesse Pinkman,Season 3,Episode 32
Walt JR,Marie Schrader,Season 3,Episode 32
Walt JR,Hank Schrader,Season 3,Episode 32
Marie Schrader,Hank Schrader,Season 3,Episode 32
Walter White,Saul Goodman,Season 3,Episode 32
Jesse Pinkman,Wendy,Season 3,Episode 32
Walter White,Holly White,Season 3,Episode 32
Mike Ehrmantraut,Walter White,Season 3,Episode 32
Jesse Pinkman,Wendy,Season 3,Episode 32
Jesse Pinkman,Mike Ehrmantraut,Season 3,Episode 32
Mike Ehrmantraut,Walter White,Season 3,Episode 32
Jesse Pinkman,Walter White,Season 3,Episode 32
Gustavo Fring,Mike Ehrmantraut,Season 3,Episode 32
Gustavo Fring,Walter White,Season 3,Episode 32
Jesse Pinkman,Gustavo Fring,Season 3,Episode 32
Jesse Pinkman,Rival Dealers,Season 3,Episode 32
Gustavo Fring,Rival Dealers,Season 3,Episode 32
Marie Schrader,Hank Schrader,Season 3,Episode 32
Jesse Pinkman,Andrea Cantillo,Season 3,Episode 32
Walter White,Skyler White,Season 3,Episode 32
Walter White,Walt JR,Season 3,Episode 32
Skyler White,Walt JR,Season 3,Episode 32
Jesse Pinkman,Walter White,Season 3,Episode 32
Rival Dealers,Walter White,Season 3,Episode 32
Jesse Pinkman,Rival Dealers,Season 3,Episode 32
Walter White,Skyler White,Season 3,Episode 33
Gustavo Fring,Walter White,Season 3,Episode 33
Mike Ehrmantraut,Walter White,Season 3,Episode 33
Mike Ehrmantraut,Gustavo Fring,Season 3,Episode 33
Walter White,Gale Boetticher,Season 3,Episode 33
Mike Ehrmantraut,Kaylee Erhmantraut,Season 3,Episode 33
Mike Ehrmantraut,Duane Chow,Season 3,Episode 33
Walter White,Gale Boetticher,Season 3,Episode 33
Gustavo Fring,Gale Boetticher,Season 3,Episode 33
Walter White,Gale Boetticher,Season 3,Episode 33
Saul Goodman,Mike Ehrmantraut,Season 3,Episode 33
Walter White,Saul Goodman,Season 3,Episode 33
Walter White,Jesse Pinkman,Season 3,Episode 33
Walter White,Holly White,Season 3,Episode 33
Walter White,Victor,Season 3,Episode 33
Mike Ehrmantraut,Walter White,Season 3,Episode 33
Mike Ehrmantraut,Victor,Season 3,Episode 33
Walter White,Jesse Pinkman,Season 3,Episode 33
Jesse Pinkman,Gale Boetticher,Season 3,Episode 33
Victor,Gale Boetticher,Season 4,Episode 34
Gustavo Fring,Gale Boetticher,Season 4,Episode 34
Victor,Gustavo Fring,Season 4,Episode 34
Victor,Jesse Pinkman,Season 4,Episode 34
Jesse Pinkman,Mike Ehrmantraut,Season 4,Episode 34
Mike Ehrmantraut,Walter White,Season 4,Episode 34
Jesse Pinkman,Walter White,Season 4,Episode 34
Victor,Mike Ehrmantraut,Season 4,Episode 34
Victor,Walter White,Season 4,Episode 34
Skyler White,Marie Schrader,Season 4,Episode 34
Huell Babineaux,Francesca,Season 4,Episode 34
Francesca,Saul Goodman,Season 4,Episode 34
Huell Babineaux,Saul Goodman,Season 4,Episode 34
Saul Goodman,Skyler White,Season 4,Episode 34
Skyler White,Holly White,Season 4,Episode 34
Marie Schrader,Hank Schrader,Season 4,Episode 34
Victor,Jesse Pinkman,Season 4,Episode 34
Jesse Pinkman,Mike Ehrmantraut,Season 4,Episode 34
Mike Ehrmantraut,Walter White,Season 4,Episode 34
Jesse Pinkman,Walter White,Season 4,Episode 34
Victor,Mike Ehrmantraut,Season 4,Episode 34
Victor,Walter White,Season 4,Episode 34
Walter White,Gustavo Fring,Season 4,Episode 34
Mike Ehrmantraut,Gustavo Fring,Season 4,Episode 34
Jesse Pinkman,Gustavo Fring,Season 4,Episode 34
Victor,Gustavo Fring,Season 4,Episode 34
Walter White,Jesse Pinkman,Season 4,Episode 34
Walter White,Skyler White,Season 4,Episode 34
Walter White,Lawson,Season 4,Episode 35
Jesse Pinkman,Badger,Season 4,Episode 35
Jesse Pinkman,Skinny Pete,Season 4,Episode 35
Badger,Skinny Pete,Season 4,Episode 35
Marie Schrader,Hank Schrader,Season 4,Episode 35
Walter White,Skyler White,Season 4,Episode 35
Jesse Pinkman,Badger,Season 4,Episode 35
Jesse Pinkman,Skinny Pete,Season 4,Episode 35
Badger,Skinny Pete,Season 4,Episode 35
Jesse Pinkman,Mike Ehrmantraut,Season 4,Episode 35
Mike Ehrmantraut,Walter White,Season 4,Episode 35
Jesse Pinkman,Walter White,Season 4,Episode 35
Skyler White,Holly White,Season 4,Episode 35
Hank Schrader,Chuck,Season 4,Episode 35
Marie Schrader,Chuck,Season 4,Episode 35
Hank Schrader,Marie Schrader,Season 4,Episode 35
Jesse Pinkman,Badger,Season 4,Episode 35
Jesse Pinkman,Skinny Pete,Season 4,Episode 35
Badger,Skinny Pete,Season 4,Episode 35
Jesse Pinkman,Andrea Cantillo,Season 4,Episode 35
Brock Cantillo,Andrea Cantillo,Season 4,Episode 35
Jesse Pinkman,Brock Cantillo,Season 4,Episode 35
Marie Schrader,Hank Schrader,Season 4,Episode 35
Skyler White,Bogdan,Season 4,Episode 35
Mike Ehrmantraut,Walter White,Season 4,Episode 35
Jesse Pinkman,Badger,Season 4,Episode 35
Jesse Pinkman,Skinny Pete,Season 4,Episode 35
Badger,Skinny Pete,Season 4,Episode 35
Walter White,Skyler White,Season 4,Episode 36
Marie Schrader,Hank Schrader,Season 4,Episode 36
Walter White,Jesse Pinkman,Season 4,Episode 36
Walter White,Skyler White,Season 4,Episode 36
Walter White,Saul Goodman,Season 4,Episode 36
Skyler White,Saul Goodman,Season 4,Episode 36
Marie Schrader,Stephanie Doswell,Season 4,Episode 36
Marie Schrader,Stephanie Doswell,Season 4,Episode 36
Marie Schrader,Tim Roberts,Season 4,Episode 36
Patrick Kuby,Bogdan,Season 4,Episode 36
Patrick Kuby,Skyler White,Season 4,Episode 36
Marie Schrader,Hank Schrader,Season 4,Episode 36
Tim Roberts,Hank Schrader,Season 4,Episode 36
Marie Schrader,Tim Roberts,Season 4,Episode 36
Walter White,Holly White,Season 4,Episode 36
Walter White,Skyler White,Season 4,Episode 36
Walter White,Skyler White,Season 4,Episode 36
Walter White,Skyler White,Season 4,Episode 37
Walter White,Skyler White,Season 4,Episode 37
Walter White,Hank Schrader,Season 4,Episode 37
Skyler White,Hank Schrader,Season 4,Episode 37
Marie Schrader,Hank Schrader,Season 4,Episode 37
Walter White,Marie Schrader,Season 4,Episode 37
Walter White,Skyler White,Season 4,Episode 37
Skyler White,Marie Schrader,Season 4,Episode 37
Walt JR,Walter White,Season 4,Episode 37
Walt JR,Skyler White,Season 4,Episode 37
Walt JR,Marie Schrader,Season 4,Episode 37
Walt JR,Hank Schrader,Season 4,Episode 37
Walter White,Jesse Pinkman,Season 4,Episode 37
Walter White,Saul Goodman,Season 4,Episode 37
Walter White,Jesse Pinkman,Season 4,Episode 37
Jesse Pinkman,Mike Ehrmantraut,Season 4,Episode 37
Gustavo Fring,Mike Ehrmantraut,Season 4,Episode 37
Jesse Pinkman,Mike Ehrmantraut,Season 4,Episode 38
Mike Ehrmantraut,Walter White,Season 4,Episode 38
Jesse Pinkman,Walter White,Season 4,Episode 38
Hank Schrader,Tim Roberts,Season 4,Episode 38
Jesse Pinkman,Mike Ehrmantraut,Season 4,Episode 38
Walter White,Skyler White,Season 4,Episode 38
Jesse Pinkman,Mike Ehrmantraut,Season 4,Episode 38
Walter White,Walt JR,Season 4,Episode 38
Walter White,Jesse Pinkman,Season 4,Episode 38
Gustavo Fring,Mike Ehrmantraut,Season 4,Episode 38
Walter White,Hank Schrader,Season 4,Episode 38
Skyler White,Hank Schrader,Season 4,Episode 38
Marie Schrader,Hank Schrader,Season 4,Episode 38
Walter White,Marie Schrader,Season 4,Episode 38
Walter White,Skyler White,Season 4,Episode 38
Skyler White,Marie Schrader,Season 4,Episode 38
Walt JR,Walter White,Season 4,Episode 38
Walt JR,Skyler White,Season 4,Episode 38
Walt JR,Marie Schrader,Season 4,Episode 38
Walt JR,Hank Schrader,Season 4,Episode 38
Marie Schrader,Hank Schrader,Season 4,Episode 38
Walter White,Skyler White,Season 4,Episode 39
Walter White,Bogdan,Season 4,Episode 39
Jesse Pinkman,Mike Ehrmantraut,Season 4,Episode 39
Walter White,Walt JR,Season 4,Episode 39
Walter White,Jesse Pinkman,Season 4,Episode 39
Jesse Pinkman,Mike Ehrmantraut,Season 4,Episode 39
Walter White,Tyrus Kitt,Season 4,Episode 39
Mike Ehrmantraut,Gustavo Fring,Season 4,Episode 39
Skyler White,Walt JR,Season 4,Episode 39
Walter White,Skyler White,Season 4,Episode 39
Walter White,Holly White,Season 4,Episode 39
Walter White,Skyler White,Season 4,Episode 40
Walter White,Saul Goodman,Season 4,Episode 40
Walter White,Jesse Pinkman,Season 4,Episode 40
Skyler White,Marie Schrader,Season 4,Episode 40
Walter White,Skyler White,Season 4,Episode 40
Walter White,Jesse Pinkman,Season 4,Episode 40
Walt JR,Hank Schrader,Season 4,Episode 40
Gustavo Fring,Hank Schrader,Season 4,Episode 40
Walt JR,Gustavo Fring,Season 4,Episode 40
Jesse Pinkman,Mike Ehrmantraut,Season 4,Episode 40
Gustavo Fring,Mike Ehrmantraut,Season 4,Episode 40
Jesse Pinkman,Gustavo Fring,Season 4,Episode 40
Gaff,Gustavo Fring,Season 4,Episode 40
Jesse Pinkman,Group Leader,Season 4,Episode 40
Walter White,Jesse Pinkman,Season 4,Episode 40
Hank Schrader,Steven Gomez,Season 4,Episode 40
Marie Schrader,Steven Gomez,Season 4,Episode 40
Hank Schrader,Marie Schrader,Season 4,Episode 40
Hank Schrader,George Merkert,Season 4,Episode 40
George Merkert,Steven Gomez,Season 4,Episode 40
Gustavo Fring,Walter White,Season 4,Episode 41
Gustavo Fring,Hector Salamanca,Season 4,Episode 41
Walter White,Gary,Season 4,Episode 41
Steven Gomez,George Merkert,Season 4,Episode 41
Steven Gomez,Tim Roberts,Season 4,Episode 41
Steven Gomez,Hank Schrader,Season 4,Episode 41
Steven Gomez,Gustavo Fring,Season 4,Episode 41
Hank Schrader,George Merkert,Season 4,Episode 41
Hank Schrader,Tim Roberts,Season 4,Episode 41
Hank Schrader,Gustavo Fring,Season 4,Episode 41
Gustavo Fring,George Merkert,Season 4,Episode 41
Gustavo Fring,Tim Roberts,Season 4,Episode 41
George Merkert,Tim Roberts,Season 4,Episode 41
Saul Goodman,Andrea Cantillo,Season 4,Episode 41
Saul Goodman,Brock Cantillo,Season 4,Episode 41
Andrea Cantillo,Brock Cantillo,Season 4,Episode 41
Jesse Pinkman,Saul Goodman,Season 4,Episode 41
Huell Babineaux,Saul Goodman,Season 4,Episode 41
Walter White,Hank Schrader,Season 4,Episode 41
Skyler White,Hank Schrader,Season 4,Episode 41
Marie Schrader,Hank Schrader,Season 4,Episode 41
Walter White,Marie Schrader,Season 4,Episode 41
Walter White,Skyler White,Season 4,Episode 41
Skyler White,Marie Schrader,Season 4,Episode 41
Walt JR,Walter White,Season 4,Episode 41
Walt JR,Skyler White,Season 4,Episode 41
Walt JR,Marie Schrader,Season 4,Episode 41
Walt JR,Hank Schrader,Season 4,Episode 41
Walter White,Hank Schrader,Season 4,Episode 41
Walter White,Jesse Pinkman,Season 4,Episode 41
Mike Ehrmantraut,Gustavo Fring,Season 4,Episode 41
Gustavo Fring,Max Arciniega,Season 4,Episode 41
Gustavo Fring,Don Eladio,Season 4,Episode 41
Gustavo Fring,Hector Salamanca,Season 4,Episode 41
Hector Salamanca,Don Eladio,Season 4,Episode 41
Hector Salamanca,Max Arciniega,Season 4,Episode 41
Max Arciniega,Don Eladio,Season 4,Episode 41
Gustavo Fring,Juan Bolsa,Season 4,Episode 41
Max Arciniega,Juan Bolsa,Season 4,Episode 41
Don Eladio,Juan Bolsa,Season 4,Episode 41
Hector Salamanca,Juan Bolsa,Season 4,Episode 41
Gustavo Fring,Hector Salamanca,Season 4,Episode 41
Marie Schrader,Hank Schrader,Season 4,Episode 42
Walter White,Marie Schrader,Season 4,Episode 42
Walter White,Hank Schrader,Season 4,Episode 42
Walter White,Tyrus Kitt,Season 4,Episode 42
Walter White,Jesse Pinkman,Season 4,Episode 42
Walter White,Skyler White,Season 4,Episode 42
Walter White,Hank Schrader,Season 4,Episode 42
Skyler White,Ted Beneke,Season 4,Episode 42
Jesse Pinkman,Mike Ehrmantraut,Season 4,Episode 42
Jesse Pinkman,Mike Ehrmantraut,Season 4,Episode 42
Mike Ehrmantraut,Walter White,Season 4,Episode 42
Jesse Pinkman,Walter White,Season 4,Episode 42
Skyler White,Ted Beneke,Season 4,Episode 42
Jesse Pinkman,Gustavo Fring,Season 4,Episode 42
Jesse Pinkman,Tyrus Kitt,Season 4,Episode 42
Walter White,Jesse Pinkman,Season 4,Episode 42
Jesse Pinkman,Mike Ehrmantraut,Season 4,Episode 43
Mike Ehrmantraut,Gustavo Fring,Season 4,Episode 43
Jesse Pinkman,Gustavo Fring,Season 4,Episode 43
Skyler White,Walt JR,Season 4,Episode 43
Saul Goodman,Ted Beneke,Season 4,Episode 43
Jesse Pinkman,Mike Ehrmantraut,Season 4,Episode 43
Mike Ehrmantraut,Gustavo Fring,Season 4,Episode 43
Jesse Pinkman,Gustavo Fring,Season 4,Episode 43
Jesse Pinkman,Benicio Fuentes,Season 4,Episode 43
Mike Ehrmantraut,Benicio Fuentes,Season 4,Episode 43
Gustavo Fring,Benicio Fuentes,Season 4,Episode 43
Walter White,Walt JR,Season 4,Episode 43
Jesse Pinkman,Mike Ehrmantraut,Season 4,Episode 43
Mike Ehrmantraut,Gustavo Fring,Season 4,Episode 43
Jesse Pinkman,Gustavo Fring,Season 4,Episode 43
Jesse Pinkman,Benicio Fuentes,Season 4,Episode 43
Mike Ehrmantraut,Benicio Fuentes,Season 4,Episode 43
Gustavo Fring,Benicio Fuentes,Season 4,Episode 43
Saul Goodman,Skyler White,Season 4,Episode 43
Walter White,Walt JR,Season 4,Episode 43
Walter White,Tyrus Kitt,Season 4,Episode 43
Skyler White,Ted Beneke,Season 4,Episode 43
Jesse Pinkman,Mike Ehrmantraut,Season 4,Episode 43
Mike Ehrmantraut,Gustavo Fring,Season 4,Episode 43
Jesse Pinkman,Gustavo Fring,Season 4,Episode 43
Jesse Pinkman,Don Eladio,Season 4,Episode 43
Mike Ehrmantraut,Don Eladio,Season 4,Episode 43
Gustavo Fring,Don Eladio,Season 4,Episode 43
Gustavo Fring,Barry Goodman,Season 4,Episode 44
Jesse Pinkman,Barry Goodman,Season 4,Episode 44
Walter White,Tyrus Kitt,Season 4,Episode 44
Walter White,Hank Schrader,Season 4,Episode 44
Jesse Pinkman,Barry Goodman,Season 4,Episode 44
Gustavo Fring,Barry Goodman,Season 4,Episode 44
Jesse Pinkman,Gustavo Fring,Season 4,Episode 44
Walter White,Holly White,Season 4,Episode 44
Skyler White,Ted Beneke,Season 4,Episode 44
Gustavo Fring,Hector Salamanca,Season 4,Episode 44
Walter White,Hank Schrader,Season 4,Episode 44
Walter White,Hank Schrader,Season 4,Episode 44
Skyler White,Hank Schrader,Season 4,Episode 44
Marie Schrader,Hank Schrader,Season 4,Episode 44
Walter White,Marie Schrader,Season 4,Episode 44
Walter White,Skyler White,Season 4,Episode 44
Skyler White,Marie Schrader,Season 4,Episode 44
Walt JR,Walter White,Season 4,Episode 44
Walt JR,Skyler White,Season 4,Episode 44
Walt JR,Marie Schrader,Season 4,Episode 44
Walt JR,Hank Schrader,Season 4,Episode 44
Ted Beneke,Huell Babineaux,Season 4,Episode 44
Ted Beneke,Patrick Kuby,Season 4,Episode 44
Huell Babineaux,Patrick Kuby,Season 4,Episode 44
Walter White,Tyrus Kitt,Season 4,Episode 44
Jesse Pinkman,Andrea Cantillo,Season 4,Episode 44
Brock Cantillo,Andrea Cantillo,Season 4,Episode 44
Jesse Pinkman,Brock Cantillo,Season 4,Episode 44
Walter White,Jesse Pinkman,Season 4,Episode 44
Gustavo Fring,Walter White,Season 4,Episode 44
Walter White,Patrick Kuby,Season 4,Episode 44
Walter White,Saul Goodman,Season 4,Episode 44
Walter White,Huell Babineaux,Season 4,Episode 44
Patrick Kuby,Saul Goodman,Season 4,Episode 44
Patrick Kuby,Huell Babineaux,Season 4,Episode 44
Saul Goodman,Huell Babineaux,Season 4,Episode 44
Walter White,Skyler White,Season 4,Episode 44
Walter White,Skyler White,Season 4,Episode 45
Skyler White,Holly White,Season 4,Episode 45
Walter White,Holly White,Season 4,Episode 45
Steven Gomez,Hank Schrader,Season 4,Episode 45
Marie Schrader,Hank Schrader,Season 4,Episode 45
Steven Gomez,Marie Schrader,Season 4,Episode 45
Walt JR,Steven Gomez,Season 4,Episode 45
Walt JR,Marie Schrader,Season 4,Episode 45
Walt JR,Hank Schrader,Season 4,Episode 45
Skyler White,Hank Schrader,Season 4,Episode 45
Skyler White,Marie Schrader,Season 4,Episode 45
Walt JR,Skyler White,Season 4,Episode 45
Skyler White,Steven Gomez,Season 4,Episode 45
Steven Gomez,Dennis Markowski,Season 4,Episode 45
Jesse Pinkman,Tyrus Kitt,Season 4,Episode 45
Jesse Pinkman,Gustavo Fring,Season 4,Episode 45
Jesse Pinkman,Saul Goodman,Season 4,Episode 45
Jesse Pinkman,Huell Babineaux,Season 4,Episode 45
Huell Babineaux,Saul Goodman,Season 4,Episode 45
Holly White,Marie Schrader,Season 4,Episode 45
Skyler White,Marie Schrader,Season 4,Episode 45
Jesse Pinkman,Andrea Cantillo,Season 4,Episode 45
Brock Cantillo,Andrea Cantillo,Season 4,Episode 45
Jesse Pinkman,Brock Cantillo,Season 4,Episode 45
Walter White,Jesse Pinkman,Season 4,Episode 45
Tyrus Kitt,Jesse Pinkman,Season 4,Episode 45
Gustavo Fring,Jesse Pinkman,Season 4,Episode 45
Tyrus Kitt,Gustavo Fring,Season 4,Episode 45
Tyrus Kitt,Gustavo Fring,Season 4,Episode 45
Walter White,Jesse Pinkman,Season 4,Episode 46
Jesse Pinkman,Kalanchoe,Season 4,Episode 46
Jesse Pinkman,Munn,Season 4,Episode 46
Kalanchoe,Munn,Season 4,Episode 46
Walter White,Francesca,Season 4,Episode 46
Jesse Pinkman,Kalanchoe,Season 4,Episode 46
Jesse Pinkman,Munn,Season 4,Episode 46
Kalanchoe,Munn,Season 4,Episode 46
Jesse Pinkman,Saul Goodman,Season 4,Episode 46
Walter White,Saul Goodman,Season 4,Episode 46
Walt JR,Walter White,Season 4,Episode 46
Walt JR,Marie Schrader,Season 4,Episode 46
Walter White,Marie Schrader,Season 4,Episode 46
Skyler White,Holly White,Season 4,Episode 46
Hank Schrader,Steven Gomez,Season 4,Episode 46
Marie Schrader,Steven Gomez,Season 4,Episode 46
Hank Schrader,Marie Schrader,Season 4,Episode 46
Hank Schrader,Hector Salamanca,Season 4,Episode 46
Hank Schrader,Steven Gomez,Season 4,Episode 46
Hank Schrader,George Merkert,Season 4,Episode 46
Hector Salamanca,George Merkert,Season 4,Episode 46
Hector Salamanca,Steven Gomez,Season 4,Episode 46
Steven Gomez,George Merkert,Season 4,Episode 46
Hector Salamanca,Tyrus Kitt,Season 4,Episode 46
Tyrus Kitt,Gustavo Fring,Season 4,Episode 46
Gustavo Fring,Hector Salamanca,Season 4,Episode 46
Walter White,Jesse Pinkman,Season 4,Episode 46
Walter White,Skyler White,Season 4,Episode 46
Walter White,Skyler White,Season 5,Episode 47
Walter White,Walt JR,Season 5,Episode 47
Walter White,Holly White,Season 5,Episode 47
Walter White,Skyler White,Season 5,Episode 47
Hank Schrader,Steven Gomez,Season 5,Episode 47
Jesse Pinkman,Mike Ehrmantraut,Season 5,Episode 47
Mike Ehrmantraut,Walter White,Season 5,Episode 47
Jesse Pinkman,Walter White,Season 5,Episode 47
Jesse Pinkman,Mike Ehrmantraut,Season 5,Episode 47
Mike Ehrmantraut,Walter White,Season 5,Episode 47
Jesse Pinkman,Walter White,Season 5,Episode 47
Jesse Pinkman,Mike Ehrmantraut,Season 5,Episode 47
Mike Ehrmantraut,Walter White,Season 5,Episode 47
Jesse Pinkman,Walter White,Season 5,Episode 47
Mike Ehrmantraut,Old Joe,Season 5,Episode 47
Jesse Pinkman,Old Joe,Season 5,Episode 47
Walter White,Old Joe,Season 5,Episode 47
Skyler White,Saul Goodman,Season 5,Episode 47
Jesse Pinkman,Mike Ehrmantraut,Season 5,Episode 47
Mike Ehrmantraut,Walter White,Season 5,Episode 47
Jesse Pinkman,Walter White,Season 5,Episode 47
Mike Ehrmantraut,Old Joe,Season 5,Episode 47
Jesse Pinkman,Old Joe,Season 5,Episode 47
Walter White,Old Joe,Season 5,Episode 47
Skyler White,Ted Beneke,Season 5,Episode 47
Jesse Pinkman,Mike Ehrmantraut,Season 5,Episode 47
Mike Ehrmantraut,Walter White,Season 5,Episode 47
Jesse Pinkman,Walter White,Season 5,Episode 47
Walter White,Saul Goodman,Season 5,Episode 47
Walter White,Skyler White,Season 5,Episode 47
Walter White,Jesse Pinkman,Season 5,Episode 48
Jesse Pinkman,Mike Ehrmantraut,Season 5,Episode 48
Mike Ehrmantraut,Walter White,Season 5,Episode 48
Jesse Pinkman,Walter White,Season 5,Episode 48
Hank Schrader,Steven Gomez,Season 5,Episode 48
Hank Schrader,George Merkert,Season 5,Episode 48
Steven Gomez,George Merkert,Season 5,Episode 48
Mike Ehrmantraut,Lydia Rodarte-Quayle,Season 5,Episode 48
Walter White,Skyler White,Season 5,Episode 48
Mike Ehrmantraut,Duane Chow,Season 5,Episode 48
Hank Schrader,Mike Ehrmantraut,Season 5,Episode 48
Hank Schrader,Steven Gomez,Season 5,Episode 48
Hank Schrader,Mike Ehrmantraut,Season 5,Episode 48
Walter White,Jesse Pinkman,Season 5,Episode 48
Walter White,Saul Goodman,Season 5,Episode 48
Jesse Pinkman,Saul Goodman,Season 5,Episode 48
Mike Ehrmantraut,Kaylee Erhmantraut,Season 5,Episode 48
Mike Ehrmantraut,Duane Chow,Season 5,Episode 48
Mike Ehrmantraut,Chris Mara,Season 5,Episode 48
Mike Ehrmantraut,Lydia Rodarte-Quayle,Season 5,Episode 48
Walter White,Skyler White,Season 5,Episode 48
Mike Ehrmantraut,Dennis Markowski,Season 5,Episode 49
Walter White,Skyler White,Season 5,Episode 49
Walter White,Jesse Pinkman,Season 5,Episode 49
Walter White,Saul Goodman,Season 5,Episode 49
Jesse Pinkman,Saul Goodman,Season 5,Episode 49
Jesse Pinkman,Mike Ehrmantraut,Season 5,Episode 49
Mike Ehrmantraut,Walter White,Season 5,Episode 49
Jesse Pinkman,Walter White,Season 5,Episode 49
Mike Ehrmantraut,Saul Goodman,Season 5,Episode 49
Walter White,Jesse Pinkman,Season 5,Episode 49
Walter White,Saul Goodman,Season 5,Episode 49
Jesse Pinkman,Saul Goodman,Season 5,Episode 49
Jesse Pinkman,Mike Ehrmantraut,Season 5,Episode 49
Mike Ehrmantraut,Walter White,Season 5,Episode 49
Jesse Pinkman,Walter White,Season 5,Episode 49
Mike Ehrmantraut,Saul Goodman,Season 5,Episode 49
Badger,Skinny Pete,Season 5,Episode 49
Jesse Pinkman,Badger,Season 5,Episode 49
Jesse Pinkman,Skinny Pete,Season 5,Episode 49
Badger,Skinny Pete,Season 5,Episode 49
Jesse Pinkman,Mike Ehrmantraut,Season 5,Episode 49
Mike Ehrmantraut,Walter White,Season 5,Episode 49
Jesse Pinkman,Walter White,Season 5,Episode 49
Todd Alquist,Mike Ehrmantraut,Season 5,Episode 49
Jesse Pinkman,Andrea Cantillo,Season 5,Episode 49
Brock Cantillo,Andrea Cantillo,Season 5,Episode 49
Jesse Pinkman,Brock Cantillo,Season 5,Episode 49
Walter White,Jesse Pinkman,Season 5,Episode 49
Walter White,Andrea Cantillo,Season 5,Episode 49
Walter White,Brock Cantillo,Season 5,Episode 49
Ira,Todd Alquist,Season 5,Episode 49
Walter White,Jesse Pinkman,Season 5,Episode 49
Skyler White,Marie Schrader,Season 5,Episode 49
Walter White,Jesse Pinkman,Season 5,Episode 49
Walter White,Marie Schrader,Season 5,Episode 49
Jesse Pinkman,Andrea Cantillo,Season 5,Episode 49
Brock Cantillo,Andrea Cantillo,Season 5,Episode 49
Jesse Pinkman,Brock Cantillo,Season 5,Episode 49
Walter White,Skyler White,Season 5,Episode 49
Walter White,Walt JR,Season 5,Episode 49
Skyler White,Walt JR,Season 5,Episode 49
Walt JR,Holly White,Season 5,Episode 49
Walter White,Holly White,Season 5,Episode 49
Jesse Pinkman,Mike Ehrmantraut,Season 5,Episode 49
Mike Ehrmantraut,Walter White,Season 5,Episode 49
Jesse Pinkman,Walter White,Season 5,Episode 49
Walter White,Walt JR,Season 5,Episode 50
Hank Schrader,Steven Gomez,Season 5,Episode 50
Lydia Rodarte-Quayle,Steven Gomez,Season 5,Episode 50
Hank Schrader,Lydia Rodarte-Quayle,Season 5,Episode 50
Walter White,Jesse Pinkman,Season 5,Episode 50
Walter White,Saul Goodman,Season 5,Episode 50
Jesse Pinkman,Saul Goodman,Season 5,Episode 50
Walter White,Jesse Pinkman,Season 5,Episode 50
Walter White,Saul Goodman,Season 5,Episode 50
Jesse Pinkman,Saul Goodman,Season 5,Episode 50
Walter White,Holly White,Season 5,Episode 50
Hank Schrader,Austin Ramey,Season 5,Episode 50
Walter White,Jesse Pinkman,Season 5,Episode 50
Walter White,Skyler White,Season 5,Episode 50
Marie Schrader,Hank Schrader,Season 5,Episode 50
Walter White,Hank Schrader,Season 5,Episode 50
Skyler White,Hank Schrader,Season 5,Episode 50
Marie Schrader,Hank Schrader,Season 5,Episode 50
Walter White,Marie Schrader,Season 5,Episode 50
Walter White,Skyler White,Season 5,Episode 50
Skyler White,Marie Schrader,Season 5,Episode 50
Walt JR,Walter White,Season 5,Episode 50
Walt JR,Skyler White,Season 5,Episode 50
Walt JR,Marie Schrader,Season 5,Episode 50
Walt JR,Hank Schrader,Season 5,Episode 50
Lydia Rodarte-Quayle,Jesse Pinkman,Season 5,Episode 50
Walter White,Hank Schrader,Season 5,Episode 50
Marie Schrader,Hank Schrader,Season 5,Episode 50
Walter White,Marie Schrader,Season 5,Episode 50
Walter White,Skyler White,Season 5,Episode 50
Jesse Pinkman,Mike Ehrmantraut,Season 5,Episode 50
Mike Ehrmantraut,Walter White,Season 5,Episode 50
Jesse Pinkman,Walter White,Season 5,Episode 50
Walter White,Skyler White,Season 5,Episode 50
Hank Schrader,Steven Gomez,Season 5,Episode 51
Walter White,Steven Gomez,Season 5,Episode 51
Hank Schrader,Walter White,Season 5,Episode 51
Jesse Pinkman,Mike Ehrmantraut,Season 5,Episode 51
Mike Ehrmantraut,Walter White,Season 5,Episode 51
Jesse Pinkman,Walter White,Season 5,Episode 51
Jesse Pinkman,Lydia Rodarte-Quayle,Season 5,Episode 51
Mike Ehrmantraut,Lydia Rodarte-Quayle,Season 5,Episode 51
Walter White,Lydia Rodarte-Quayle,Season 5,Episode 51
Lydia Rodarte-Quayle,Hank Schrader,Season 5,Episode 51
Jesse Pinkman,Mike Ehrmantraut,Season 5,Episode 51
Mike Ehrmantraut,Walter White,Season 5,Episode 51
Jesse Pinkman,Walter White,Season 5,Episode 51
Jesse Pinkman,Lydia Rodarte-Quayle,Season 5,Episode 51
Mike Ehrmantraut,Lydia Rodarte-Quayle,Season 5,Episode 51
Walter White,Lydia Rodarte-Quayle,Season 5,Episode 51
Hank Schrader,Holly White,Season 5,Episode 51
Marie Schrader,Holly White,Season 5,Episode 51
Marie Schrader,Hank Schrader,Season 5,Episode 51
Jesse Pinkman,Mike Ehrmantraut,Season 5,Episode 51
Mike Ehrmantraut,Walter White,Season 5,Episode 51
Jesse Pinkman,Walter White,Season 5,Episode 51
Jesse Pinkman,Mike Ehrmantraut,Season 5,Episode 51
Mike Ehrmantraut,Walter White,Season 5,Episode 51
Jesse Pinkman,Walter White,Season 5,Episode 51
Jesse Pinkman,Todd Alquist,Season 5,Episode 51
Todd Alquist,Walter White,Season 5,Episode 51
Jesse Pinkman,Walter White,Season 5,Episode 51
Walter White,Skyler White,Season 5,Episode 51
Walter White,Walt JR,Season 5,Episode 51
Jesse Pinkman,Walter White,Season 5,Episode 51
Jesse Pinkman,Todd Alquist,Season 5,Episode 51
Todd Alquist,Walter White,Season 5,Episode 51
Walter White,Drew Sharp,Season 5,Episode 51
Jesse Pinkman,Drew Sharp,Season 5,Episode 51
Todd Alquist,Drew Sharp,Season 5,Episode 51
Mike Ehrmantraut,Walter White,Season 5,Episode 52
Todd Alquist,Walter White,Season 5,Episode 52
Todd Alquist,Mike Ehrmantraut,Season 5,Episode 52
Jesse Pinkman,Todd Alquist,Season 5,Episode 52
Mike Ehrmantraut,Walter White,Season 5,Episode 52
Todd Alquist,Walter White,Season 5,Episode 52
Todd Alquist,Mike Ehrmantraut,Season 5,Episode 52
Jesse Pinkman,Todd Alquist,Season 5,Episode 52
Skyler White,Holly White,Season 5,Episode 52
Marie Schrader,Holly White,Season 5,Episode 52
Skyler White,Marie Schrader,Season 5,Episode 52
Walter White,Jesse Pinkman,Season 5,Episode 52
Jesse Pinkman,Mike Ehrmantraut,Season 5,Episode 52
Mike Ehrmantraut,Walter White,Season 5,Episode 52
Jesse Pinkman,Walter White,Season 5,Episode 52
Jesse Pinkman,Mike Ehrmantraut,Season 5,Episode 52
Mike Ehrmantraut,Declan,Season 5,Episode 52
Jesse Pinkman,Declan,Season 5,Episode 52
Walter White,Skyler White,Season 5,Episode 52
Walter White,Jesse Pinkman,Season 5,Episode 52
Skyler White,Jesse Pinkman,Season 5,Episode 52
Mike Ehrmantraut,Saul Goodman,Season 5,Episode 52
Mike Ehrmantraut,Hank Schrader,Season 5,Episode 52
Mike Ehrmantraut,Steven Gomez,Season 5,Episode 52
Saul Goodman,Hank Schrader,Season 5,Episode 52
Saul Goodman,Steven Gomez,Season 5,Episode 52
Hank Schrader,Steven Gomez,Season 5,Episode 52
Jesse Pinkman,Mike Ehrmantraut,Season 5,Episode 52
Mike Ehrmantraut,Walter White,Season 5,Episode 52
Jesse Pinkman,Walter White,Season 5,Episode 52
Jesse Pinkman,Mike Ehrmantraut,Season 5,Episode 53
Mike Ehrmantraut,Walter White,Season 5,Episode 53
Jesse Pinkman,Walter White,Season 5,Episode 53
Declan,Mike Ehrmantraut,Season 5,Episode 53
Declan,Walter White,Season 5,Episode 53
Jesse Pinkman,Mike Ehrmantraut,Season 5,Episode 53
Mike Ehrmantraut,Walter White,Season 5,Episode 53
Jesse Pinkman,Walter White,Season 5,Episode 53
Walter White,Skyler White,Season 5,Episode 53
Jesse Pinkman,Skyler White,Season 5,Episode 53
Mike Ehrmantraut,Dan Wachsberger,Season 5,Episode 53
Mike Ehrmantraut,Hank Schrader,Season 5,Episode 53
Walter White,Jesse Pinkman,Season 5,Episode 53
Hank Schrader,Austin Ramey,Season 5,Episode 53
Hank Schrader,Steven Gomez,Season 5,Episode 53
Walter White,Todd Alquist,Season 5,Episode 53
Dan Wachsberger,Steven Gomez,Season 5,Episode 53
Walter White,Skyler White,Season 5,Episode 53
Walter White,Hank Schrader,Season 5,Episode 53
Hank Schrader,Steven Gomez,Season 5,Episode 53
Mike Ehrmantraut,Walter White,Season 5,Episode 53
Walter White,Jesse Pinkman,Season 5,Episode 53
Walter White,Saul Goodman,Season 5,Episode 53
Jesse Pinkman,Saul Goodman,Season 5,Episode 53
Mike Ehrmantraut,Walter White,Season 5,Episode 53
Mike Ehrmantraut,Jesse Pinkman,Season 5,Episode 53
Mike Ehrmantraut,Saul Goodman,Season 5,Episode 53
Walter White,Jesse Pinkman,Season 5,Episode 54
Walter White,Todd Alquist,Season 5,Episode 54
Hank Schrader,Dennis Markowski,Season 5,Episode 54
Walter White,Lydia Rodarte-Quayle,Season 5,Episode 54
Walter White,Kenny,Season 5,Episode 54
Walter White,Jack Welker,Season 5,Episode 54
Kenny,Jack Welker,Season 5,Episode 54
Jack Welker,Todd Alquist,Season 5,Episode 54
Hank Schrader,Steven Gomez,Season 5,Episode 54
Walter White,Holly White,Season 5,Episode 54
Walter White,Marie Schrader,Season 5,Episode 54
Walter White,Hank Schrader,Season 5,Episode 54
Skyler White,Holly White,Season 5,Episode 54
Marie Schrader,Holly White,Season 5,Episode 54
Skyler White,Marie Schrader,Season 5,Episode 54
Walt JR,Skyler White,Season 5,Episode 54
Walt JR,Marie Schrader,Season 5,Episode 54
Walt JR,Holly White,Season 5,Episode 54
Walter White,Skyler White,Season 5,Episode 54
Walter White,Jesse Pinkman,Season 5,Episode 54
Walter White,Skyler White,Season 5,Episode 54
Walter White,Hank Schrader,Season 5,Episode 54
Skyler White,Hank Schrader,Season 5,Episode 54
Marie Schrader,Hank Schrader,Season 5,Episode 54
Walter White,Marie Schrader,Season 5,Episode 54
Walter White,Skyler White,Season 5,Episode 54
Skyler White,Marie Schrader,Season 5,Episode 54
Walt JR,Walter White,Season 5,Episode 54
Walt JR,Skyler White,Season 5,Episode 54
Walt JR,Marie Schrader,Season 5,Episode 54
Walt JR,Hank Schrader,Season 5,Episode 54
Walt JR,Holly White,Season 5,Episode 54
Walter White,Hank Schrader,Season 5,Episode 55
Skyler White,Hank Schrader,Season 5,Episode 55
Marie Schrader,Hank Schrader,Season 5,Episode 55
Walter White,Marie Schrader,Season 5,Episode 55
Walter White,Skyler White,Season 5,Episode 55
Skyler White,Marie Schrader,Season 5,Episode 55
Walt JR,Walter White,Season 5,Episode 55
Walt JR,Skyler White,Season 5,Episode 55
Walt JR,Marie Schrader,Season 5,Episode 55
Walt JR,Hank Schrader,Season 5,Episode 55
Walter White,Holly White,Season 5,Episode 55
Walter White,Skyler White,Season 5,Episode 55
Walter White,Lydia Rodarte-Quayle,Season 5,Episode 55
Skyler White,Lydia Rodarte-Quayle,Season 5,Episode 55
Marie Schrader,Hank Schrader,Season 5,Episode 55
Jesse Pinkman,Badger,Season 5,Episode 55
Jesse Pinkman,Skinny Pete,Season 5,Episode 55
Badger,Skinny Pete,Season 5,Episode 55
Jesse Pinkman,Huell Babineaux,Season 5,Episode 55
Jesse Pinkman,Francesca,Season 5,Episode 55
Jesse Pinkman,Saul Goodman,Season 5,Episode 55
Walter White,Saul Goodman,Season 5,Episode 55
Walter White,Jesse Pinkman,Season 5,Episode 55
Walter White,Skyler White,Season 5,Episode 55
Walter White,Walt JR,Season 5,Episode 55
Skyler White,Walt JR,Season 5,Episode 55
Walter White,Hank Schrader,Season 5,Episode 55
Walter White,Hank Schrader,Season 5,Episode 56
Skyler White,Hank Schrader,Season 5,Episode 56
Huell Babineaux,Patrick Kuby,Season 5,Episode 56
Walter White,Saul Goodman,Season 5,Episode 56
Huell Babineaux,Saul Goodman,Season 5,Episode 56
Huell Babineaux,Walter White,Season 5,Episode 56
Walter White,Patrick Kuby,Season 5,Episode 56
Saul Goodman,Patrick Kuby,Season 5,Episode 56
Skyler White,Holly White,Season 5,Episode 56
Skyler White,Marie Schrader,Season 5,Episode 56
Marie Schrader,Holly White,Season 5,Episode 56
Skyler White,Hank Schrader,Season 5,Episode 56
Marie Schrader,Hank Schrader,Season 5,Episode 56
Walter White,Skyler White,Season 5,Episode 56
Lydia Rodarte-Quayle,Declan,Season 5,Episode 56
Kenny,Jack Welker,Season 5,Episode 56
Kenny,Todd Alquist,Season 5,Episode 56
Todd Alquist,Lydia Rodarte-Quayle,Season 5,Episode 56
Jack Welker,Todd Alquist,Season 5,Episode 56
Marie Schrader,Hank Schrader,Season 5,Episode 56
Hank Schrader,Steven Gomez,Season 5,Episode 56
Jesse Pinkman,Kalanchoe,Season 5,Episode 56
Jesse Pinkman,Munn,Season 5,Episode 56
Kalanchoe,Munn,Season 5,Episode 56
Hank Schrader,Kalanchoe,Season 5,Episode 56
Hank Schrader,Munn,Season 5,Episode 56
Kenny,Jack Welker,Season 5,Episode 57
Jack Welker,Todd Alquist,Season 5,Episode 57
Todd Alquist,Kenny,Season 5,Episode 57
Hank Schrader,Jesse Pinkman,Season 5,Episode 57
Jesse Pinkman,Saul Goodman,Season 5,Episode 57
Walter White,Walt JR,Season 5,Episode 57
Marie Schrader,Hank Schrader,Season 5,Episode 57
Walter White,Skyler White,Season 5,Episode 57
Walter White,Hank Schrader,Season 5,Episode 57
Skyler White,Hank Schrader,Season 5,Episode 57
Marie Schrader,Hank Schrader,Season 5,Episode 57
Walter White,Marie Schrader,Season 5,Episode 57
Walter White,Skyler White,Season 5,Episode 57
Skyler White,Marie Schrader,Season 5,Episode 57
Walter White,Jesse Pinkman,Season 5,Episode 57
Walter White,Saul Goodman,Season 5,Episode 57
Jesse Pinkman,Saul Goodman,Season 5,Episode 57
Walter White,Skyler White,Season 5,Episode 57
Hank Schrader,Steven Gomez,Season 5,Episode 57
Jesse Pinkman,Saul Goodman,Season 5,Episode 57
Saul Goodman,Huell Babineaux,Season 5,Episode 57
Jesse Pinkman,Huell Babineaux,Season 5,Episode 57
Jesse Pinkman,Saul Goodman,Season 5,Episode 57
Jesse Pinkman,Huell Babineaux,Season 5,Episode 57
Jesse Pinkman,Francesca,Season 5,Episode 57
Francesca,Huell Babineaux,Season 5,Episode 57
Walter White,Skyler White,Season 5,Episode 57
Walter White,Huell Babineaux,Season 5,Episode 58
Walter White,Skyler White,Season 5,Episode 58
Walter White,Walt JR,Season 5,Episode 58
Skyler White,Walt JR,Season 5,Episode 58
Skyler White,Holly White,Season 5,Episode 58
Walter White,Patrick Kuby,Season 5,Episode 58
Walter White,Saul Goodman,Season 5,Episode 58
Patrick Kuby,Saul Goodman,Season 5,Episode 58
Walter White,Skyler White,Season 5,Episode 58
Hank Schrader,Jesse Pinkman,Season 5,Episode 58
Marie Schrader,Hank Schrader,Season 5,Episode 58
Walter White,Walt JR,Season 5,Episode 58
Steven Gomez,Hank Schrader,Season 5,Episode 58
Marie Schrader,Hank Schrader,Season 5,Episode 58
Steven Gomez,Marie Schrader,Season 5,Episode 58
Jesse Pinkman,Steven Gomez,Season 5,Episode 58
Jesse Pinkman,Marie Schrader,Season 5,Episode 58
Jesse Pinkman,Hank Schrader,Season 5,Episode 58
Walter White,Jesse Pinkman,Season 5,Episode 58
Steven Gomez,Hank Schrader,Season 5,Episode 58
Jesse Pinkman,Steven Gomez,Season 5,Episode 58
Jesse Pinkman,Hank Schrader,Season 5,Episode 58
Kenny,Jack Welker,Season 5,Episode 59
Jack Welker,Todd Alquist,Season 5,Episode 59
Todd Alquist,Kenny,Season 5,Episode 59
Lydia Rodarte-Quayle,Jack Welker,Season 5,Episode 59
Lydia Rodarte-Quayle,Todd Alquist,Season 5,Episode 59
Lydia Rodarte-Quayle,Kenny,Season 5,Episode 59
Hank Schrader,Steven Gomez,Season 5,Episode 59
Jesse Pinkman,Steven Gomez,Season 5,Episode 59
Jesse Pinkman,Hank Schrader,Season 5,Episode 59
Hank Schrader,Steven Gomez,Season 5,Episode 59
Huell Babineaux,Steven Gomez,Season 5,Episode 59
Huell Babineaux,Hank Schrader,Season 5,Episode 59
Kenny,Jack Welker,Season 5,Episode 59
Jack Welker,Todd Alquist,Season 5,Episode 59
Todd Alquist,Kenny,Season 5,Episode 59
Walter White,Jack Welker,Season 5,Episode 59
Walter White,Todd Alquist,Season 5,Episode 59
Walter White,Kenny,Season 5,Episode 59
Walter White,Andrea Cantillo,Season 5,Episode 59
Brock Cantillo,Andrea Cantillo,Season 5,Episode 59
Walter White,Brock Cantillo,Season 5,Episode 59
Steven Gomez,Hank Schrader,Season 5,Episode 59
Jesse Pinkman,Steven Gomez,Season 5,Episode 59
Jesse Pinkman,Hank Schrader,Season 5,Episode 59
Skyler White,Walt JR,Season 5,Episode 59
Skyler White,Saul Goodman,Season 5,Episode 59
Walt JR,Saul Goodman,Season 5,Episode 59
Walter White,Saul Goodman,Season 5,Episode 59
Walter White,Jesse Pinkman,Season 5,Episode 59
Steven Gomez,Hank Schrader,Season 5,Episode 59
Jesse Pinkman,Steven Gomez,Season 5,Episode 59
Jesse Pinkman,Hank Schrader,Season 5,Episode 59
Walter White,Steven Gomez,Season 5,Episode 59
Walter White,Jesse Pinkman,Season 5,Episode 59
Walter White,Hank Schrader,Season 5,Episode 59
Marie Schrader,Hank Schrader,Season 5,Episode 59
Kenny,Hank Schrader,Season 5,Episode 59
Kenny,Steven Gomez,Season 5,Episode 59
Jack Welker,Hank Schrader,Season 5,Episode 59
Jack Welker,Steven Gomez,Season 5,Episode 59
Jack Welker,Kenny,Season 5,Episode 59
Jack Welker,Walter White,Season 5,Episode 59
Walter White,Jesse Pinkman,Season 5,Episode 60
Walter White,Skyler White,Season 5,Episode 60
Walter White,Hank Schrader,Season 5,Episode 60
Walter White,Jack Welker,Season 5,Episode 60
Hank Schrader,Jack Welker,Season 5,Episode 60
Todd Alquist,Jack Welker,Season 5,Episode 60
Kenny,Jack Welker,Season 5,Episode 60
Kenny,Walter White,Season 5,Episode 60
Todd Alquist,Walter White,Season 5,Episode 60
Todd Alquist,Jesse Pinkman,Season 5,Episode 60
Jesse Pinkman,Jack Welker,Season 5,Episode 60
Skyler White,Marie Schrader,Season 5,Episode 60
Todd Alquist,Jesse Pinkman,Season 5,Episode 60
Skyler White,Walt JR,Season 5,Episode 60
Walt JR,Marie Schrader,Season 5,Episode 60
Skyler White,Marie Schrader,Season 5,Episode 60
Walter White,Skyler White,Season 5,Episode 60
Walter White,Walt JR,Season 5,Episode 60
Skyler White,Walt JR,Season 5,Episode 60
Skyler White,Holly White,Season 5,Episode 60
Walter White,Holly White,Season 5,Episode 60
Walter White,Holly White,Season 5,Episode 60
Skyler White,Marie Schrader,Season 5,Episode 60
Walt JR,Skyler White,Season 5,Episode 60
Walt JR,Marie Schrader,Season 5,Episode 60
Walter White,Skyler White,Season 5,Episode 60
Saul Goodman,Ed Galbraith,Season 5,Episode 61
Kenny,Jack Welker,Season 5,Episode 61
Todd Alquist,Kenny,Season 5,Episode 61
Todd Alquist,Kenny,Season 5,Episode 61
Walter White,Saul Goodman,Season 5,Episode 61
Skyler White,Todd Alquist,Season 5,Episode 61
Holly White,Todd Alquist,Season 5,Episode 61
Todd Alquist,Lydia Rodarte-Quayle,Season 5,Episode 61
Walter White,Ed Galbraith,Season 5,Episode 61
Todd Alquist,Jesse Pinkman,Season 5,Episode 61
Todd Alquist,Andrea Cantillo,Season 5,Episode 61
Walter White,Ed Galbraith,Season 5,Episode 61
Walt JR,Carmen Molina,Season 5,Episode 61
Walter White,Walt JR,Season 5,Episode 61
Elliott Schwartz,Gretchen Schwartz,Season 5,Episode 61
Elliott Schwartz,Gretchen Schwartz,Season 5,Episode 62
Walter White,Gretchen Schwartz,Season 5,Episode 62
Elliott Schwartz,Walter White,Season 5,Episode 62
Walter White,Badger,Season 5,Episode 62
Walter White,Skinny Pete,Season 5,Episode 62
Badger,Skinny Pete,Season 5,Episode 62
Todd Alquist,Lydia Rodarte-Quayle,Season 5,Episode 62
Todd Alquist,Walter White,Season 5,Episode 62
Lydia Rodarte-Quayle,Walter White,Season 5,Episode 62
Skyler White,Marie Schrader,Season 5,Episode 62
Walter White,Skyler White,Season 5,Episode 62
Walter White,Holly White,Season 5,Episode 62
Kenny,Jack Welker,Season 5,Episode 62
Jack Welker,Todd Alquist,Season 5,Episode 62
Todd Alquist,Kenny,Season 5,Episode 62
Walter White,Jack Welker,Season 5,Episode 62
Walter White,Todd Alquist,Season 5,Episode 62
Walter White,Kenny,Season 5,Episode 62
Jesse Pinkman,Jack Welker,Season 5,Episode 62
Jesse Pinkman,Todd Alquist,Season 5,Episode 62
Jesse Pinkman,Kenny,Season 5,Episode 62
Walter White,Lydia Rodarte-Quayle,Season 5,Episode 62
Walter White,Jesse Pinkman,Season 5,Episode 62